subj,run,item,list,category,sentence,joke ending,nonjoke ending,displayed,response,RT,question onset
0.0000,8.000,1,66,2,joke,One good way to invest in the country is to buy a ,senator,business,One good way to invest in the country is to buy a senator.,<VisionEgg.WrappedText.WrappedText object at 0x10fc36960>
8.0000,8.000,1,69,2,nonjoke,"When an irresistible force meets an immovable object, you get two very angry",women,entities,"When an irresistible force meets an immovable object, you get two very angry entities.",<VisionEgg.WrappedText.WrappedText object at 0x10fc36a00>
16.0000,4.000,fix
20.0000,8.000,1,74,2,joke,He's planning an extended vacation; he hopes to spend three weeks on his,couch,sailboat,He's planning an extended vacation; he hopes to spend three weeks on his couch.,<VisionEgg.WrappedText.WrappedText object at 0x10fc36820>
28.0000,4.000,fix
32.0000,8.000,1,20,2,joke,"He told me he just bought a set of balloon tires, and I told him I didn't even know he owned a",balloon,truck,"He told me he just bought a set of balloon tires, and I told him I didn't even know he owned a balloon.",<VisionEgg.WrappedText.WrappedText object at 0x10fc36910>
40.0000,8.000,1,7,2,nonjoke,A replacement player hit a home run with my,girl,ball,A replacement player hit a home run with my ball.,<VisionEgg.WrappedText.WrappedText object at 0x10fc36aa0>
48.0000,2.000,fix
50.0000,8.000,1,128,2,joke,"Figures don't lie, except on the",beaches,page,"Figures don't lie, except on the beaches.",<VisionEgg.WrappedText.WrappedText object at 0x10fc367d0>
58.0000,4.000,fix
62.0000,8.000,1,110,2,joke,It's not hard to meet expenses; they're ,everywhere,affordable,It's not hard to meet expenses; they're everywhere.,<VisionEgg.WrappedText.WrappedText object at 0x10fc369b0>
70.0000,8.000,1,150,2,joke,One way to keep pornography away from teenagers is to put it in a,textbook,cabinet,One way to keep pornography away from teenagers is to put it in a textbook.,<VisionEgg.WrappedText.WrappedText object at 0x10fc36870>
78.0000,8.000,1,75,2,nonjoke,"When reviewing your notes for a test, the most important ones will be",illegible,capitalized,"When reviewing your notes for a test, the most important ones will be capitalized.",<VisionEgg.WrappedText.WrappedText object at 0x10fc36780>
86.0000,2.000,fix
88.0000,8.000,1,83,2,nonjoke,Nothing ages a woman faster than,identification,hardship,Nothing ages a woman faster than hardship.,<VisionEgg.WrappedText.WrappedText object at 0x10fc36e10>
96.0000,8.000,1,10,2,joke,Nothing in the known universe travels faster than,gossip,radiation,Nothing in the known universe travels faster than gossip.,<VisionEgg.WrappedText.WrappedText object at 0x10fc36e60>
104.0000,2.000,fix
106.0000,8.000,1,85,2,nonjoke,"Frequent naps prevent old age, especially when taken while",driving,relaxed,"Frequent naps prevent old age, especially when taken while relaxed.",<VisionEgg.WrappedText.WrappedText object at 0x10fc36a50>
114.0000,8.000,1,51,2,nonjoke,I went to a place that serves breakfast any time and ordered French toast in the,Renaissance,nighttime,I went to a place that serves breakfast any time and ordered French toast in the nighttime.,<VisionEgg.WrappedText.WrappedText object at 0x10fc36f00>
122.0000,8.000,1,2,2,joke,"She went on a fourteen day diet, but she only lost two",weeks,ounces,"She went on a fourteen day diet, but she only lost two weeks.",<VisionEgg.WrappedText.WrappedText object at 0x10fc36eb0>
130.0000,8.000,1,27,2,nonjoke,"Once a week they hold a bingo game, and all the proceeds go to fight",gambling,disease,"Once a week they hold a bingo game, and all the proceeds go to fight disease.",<VisionEgg.WrappedText.WrappedText object at 0x10fc36f50>
138.0000,8.000,1,60,2,joke,Another thing a small boy is constantly outgrowing is his,allowance,underwear,Another thing a small boy is constantly outgrowing is his allowance.,<VisionEgg.WrappedText.WrappedText object at 0x10fc36fa0>
146.0000,2.000,fix
148.0000,8.000,1,126,2,joke,My husband took the money we were saving to buy a new car and blew it all at the,laundry,tables,My husband took the money we were saving to buy a new car and blew it all at the laundry.,<VisionEgg.WrappedText.WrappedText object at 0x11372f050>
156.0000,6.000,fix
162.0000,8.000,1,130,2,joke,"This house comes with lots of extras, mostly",termites,upgrades,"This house comes with lots of extras, mostly termites.",<VisionEgg.WrappedText.WrappedText object at 0x11372f0a0>
170.0000,8.000,1,124,2,joke,"I've got Parkinson's disease, and he's got", mine,gout,"I've got Parkinson's disease, and he's got mine.",<VisionEgg.WrappedText.WrappedText object at 0x11372f0f0>
178.0000,8.000,1,55,2,nonjoke,His wife sued for divorce and asked for custody of the,cash,cat,His wife sued for divorce and asked for custody of the cat.,<VisionEgg.WrappedText.WrappedText object at 0x11372f140>
186.0000,8.000,1,33,2,nonjoke,Some people think courtship is the first in a series of steps leading to ,divorce,romance,Some people think courtship is the first in a series of steps leading to romance.,<VisionEgg.WrappedText.WrappedText object at 0x11372f190>
194.0000,8.000,1,48,2,joke,"The new tax forms are more realistic: where your wife signs, it says","""accomplice""","""partner""","The new tax forms are more realistic: where your wife signs, it says ""accomplice"".",<VisionEgg.WrappedText.WrappedText object at 0x11372f230>
202.0000,8.000,fix
210.0000,8.000,1,43,2,nonjoke,"I asked him if he started out as an editor, and he said that years ago he used to be a ",boy,journalist,"I asked him if he started out as an editor, and he said that years ago he used to be a journalist.",<VisionEgg.WrappedText.WrappedText object at 0x11372f280>
218.0000,8.000,1,142,2,joke,She's happy because she finally has a boyfriend who gets along with her,fianc_,father,She's happy because she finally has a boyfriend who gets along with her fianc_.,<VisionEgg.WrappedText.WrappedText object at 0x11372f2d0>
226.0000,2.000,fix
228.0000,8.000,1,117,2,nonjoke,"All roads lead to Rome, and all detours lead to",profanity,somewhere,"All roads lead to Rome, and all detours lead to somewhere.",<VisionEgg.WrappedText.WrappedText object at 0x11372f320>
236.0000,12.000,fix
248.0000,8.000,1,99,2,nonjoke,"He's never given a girl a present, but he did give a few a pretty good",reputation,surprise,"He's never given a girl a present, but he did give a few a pretty good surprise.",<VisionEgg.WrappedText.WrappedText object at 0x11372f370>
256.0000,2.000,fix
258.0000,8.000,1,18,2,joke,"When we watch a sexy movie, my wife leans over and breathes on my",glasses,collar,"When we watch a sexy movie, my wife leans over and breathes on my glasses.",<VisionEgg.WrappedText.WrappedText object at 0x11372f3c0>
266.0000,8.000,fix
274.0000,8.000,1,93,2,nonjoke,"He is probably the best boxer in the country, but he always loses in the ",city,competition,"He is probably the best boxer in the country, but he always loses in the competition.",<VisionEgg.WrappedText.WrappedText object at 0x11372f410>
282.0000,20.000,fix
302.0000,8.000,1,50,2,joke,The only time my father ever raised a hand to his children was in ,self- defense,discipline,The only time my father ever raised a hand to his children was in self- defense.,<VisionEgg.WrappedText.WrappedText object at 0x11372f460>
310.0000,2.000,fix
312.0000,8.000,1,58,2,joke,The woman who has her husband eating out of her hand must save a lot of,dishwashing,heartbreak,The woman who has her husband eating out of her hand must save a lot of dishwashing.,<VisionEgg.WrappedText.WrappedText object at 0x11372f4b0>
320.0000,8.000,1,40,2,joke,No patient should leave the hospital until he's strong enough to face the,cashier,outside,No patient should leave the hospital until he's strong enough to face the cashier.,<VisionEgg.WrappedText.WrappedText object at 0x11372f500>
328.0000,4.000,fix
332.0000,8.000,1,65,2,nonjoke,A good way to blow your mind is to smoke ,gunpowder,heroin,A good way to blow your mind is to smoke heroin.,<VisionEgg.WrappedText.WrappedText object at 0x11372f550>
340.0000,2.000,fix
342.0000,8.000,1,42,2,joke,The best way to keep the milk from turning sour is to keep it in the,cow,cold,The best way to keep the milk from turning sour is to keep it in the cow.,<VisionEgg.WrappedText.WrappedText object at 0x11372f5a0>
350.0000,8.000,1,155,2,nonjoke,The show had one act that was really offbeat: the,singer,clowns,The show had one act that was really offbeat: the clowns.,<VisionEgg.WrappedText.WrappedText object at 0x11372f5f0>
358.0000,2.000,fix
360.0000,8.000,1,104,2,joke,Politicians who are as American as apple pie still want their,slice,rewards,Politicians who are as American as apple pie still want their slice.,<VisionEgg.WrappedText.WrappedText object at 0x11372f640>
368.0000,8.000,fix
376.0000,8.000,1,92,2,joke,"When I asked the bartender for something cold and full of rum, he recommended his",wife,daiquiri,"When I asked the bartender for something cold and full of rum, he recommended his wife.",<VisionEgg.WrappedText.WrappedText object at 0x11372f690>
384.0000,12.000,fix
396.0000,8.000,1,139,2,nonjoke,They redecorated the bar with new,drunks,wood,They redecorated the bar with new wood.,<VisionEgg.WrappedText.WrappedText object at 0x11372f6e0>
404.0000,20.000,fix
424.0000,8.000,1,77,2,nonjoke,He is at the age when all the numbers in his little black book belong to,doctors,friends,He is at the age when all the numbers in his little black book belong to friends.,<VisionEgg.WrappedText.WrappedText object at 0x11372f780>
432.0000,8.000,1,87,2,nonjoke,"It's always nicer to give than to receive, especially when its your",opinion,parents,"It's always nicer to give than to receive, especially when its your parents.",<VisionEgg.WrappedText.WrappedText object at 0x11372f7d0>
440.0000,8.000,1,152,2,joke,"Many things run in families, especially",noses,strength,"Many things run in families, especially noses.",<VisionEgg.WrappedText.WrappedText object at 0x11372f730>
448.0000,2.000,fix
450.0000,8.000,1,68,2,joke,She always told girls not to look for a husband but just to date,bachelors,someone,She always told girls not to look for a husband but just to date bachelors.,<VisionEgg.WrappedText.WrappedText object at 0x11372f820>
458.0000,4.000,fix
462.0000,8.000,1,24,2,joke,"Where I'm from, the two most common elements are hydrogen and ",stupidity,nitrogen,"Where I'm from, the two most common elements are hydrogen and stupidity.",<VisionEgg.WrappedText.WrappedText object at 0x11372f870>
470.0000,2.000,fix
472.0000,8.000,1,23,2,nonjoke,The curse of heavy drinking is that afterwards you get a huge,bar tab,headache,The curse of heavy drinking is that afterwards you get a huge headache.,<VisionEgg.WrappedText.WrappedText object at 0x11372f8c0>
480.0000,6.000,fix
486.0000,8.000,1,119,2,nonjoke,"He told me he's not broke, just badly",bent,off,"He told me he's not broke, just badly off.",<VisionEgg.WrappedText.WrappedText object at 0x11372f910>
494.0000,8.000,1,15,2,nonjoke,"When John bought a bulldog, it was no time at all before he had that dog eating out of his",leg,fingers,"When John bought a bulldog, it was no time at all before he had that dog eating out of his fingers.",<VisionEgg.WrappedText.WrappedText object at 0x11372f9b0>
502.0000,2.000,fix
504.0000,8.000,1,1,2,nonjoke,"When I asked how long he should cook the noodles, I said at least ten",inches,seconds,"When I asked how long he should cook the noodles, I said at least ten seconds.",<VisionEgg.WrappedText.WrappedText object at 0x11372f960>
512.0000,8.000,1,91,2,nonjoke,"If there's one thing that counts in business, its",bookkeepers,resources,"If there's one thing that counts in business, its resources.",<VisionEgg.WrappedText.WrappedText object at 0x11372fa00>
520.0000,8.000,1,21,2,nonjoke,"She told him he looked like a million, and she meant every",century,syllable,"She told him he looked like a million, and she meant every syllable.",<VisionEgg.WrappedText.WrappedText object at 0x11372fa50>
528.0000,2.000,fix
530.0000,8.000,1,102,2,joke,We live in a lovely suburb; it's just two miles beyond our,income,town,We live in a lovely suburb; it's just two miles beyond our income.,<VisionEgg.WrappedText.WrappedText object at 0x11372faa0>
538.0000,4.000,fix
542.0000,8.000,1,129,2,nonjoke,The perfect companion to a vegetarian dinner is a ,steak,salad,The perfect companion to a vegetarian dinner is a salad.,<VisionEgg.WrappedText.WrappedText object at 0x11372faf0>
550.0000,8.000,1,13,2,nonjoke,A device for finding furniture in the dark is a ,shin,candle,A device for finding furniture in the dark is a candle.,<VisionEgg.WrappedText.WrappedText object at 0x11372fb40>
558.0000,2.000,fix
560.0000,8.000,1,6,2,joke,Sunday is the day we bow our heads and,putt,rest,Sunday is the day we bow our heads and putt.,<VisionEgg.WrappedText.WrappedText object at 0x11372fb90>
568.0000,2.000,fix
KAN_RHnonlit_11,1,66,2,joke,One good way to invest in the country is to buy a ,senator,business,One good way to invest in the country is to buy a senator.,3,1.8917129039764404,6.001190185546875
KAN_RHnonlit_11,1,69,2,nonjoke,"When an irresistible force meets an immovable object, you get two very angry",women,entities,"When an irresistible force meets an immovable object, you get two very angry entities.",2,0.3013770580291748,14.00314712524414
KAN_RHnonlit_11,1,74,2,joke,He's planning an extended vacation; he hopes to spend three weeks on his,couch,sailboat,He's planning an extended vacation; he hopes to spend three weeks on his couch.,2,0.4352290630340576,26.006083011627197
KAN_RHnonlit_11,1,20,2,joke,"He told me he just bought a set of balloon tires, and I told him I didn't even know he owned a",balloon,truck,"He told me he just bought a set of balloon tires, and I told him I didn't even know he owned a balloon.",3,0.9207839965820312,38.00888013839722
KAN_RHnonlit_11,1,7,2,nonjoke,A replacement player hit a home run with my,girl,ball,A replacement player hit a home run with my ball.,2,1.071394920349121,46.010836124420166
KAN_RHnonlit_11,1,128,2,joke,"Figures don't lie, except on the",beaches,page,"Figures don't lie, except on the beaches.",1,0.351611852645874,56.00488519668579
KAN_RHnonlit_11,1,110,2,joke,It's not hard to meet expenses; they're ,everywhere,affordable,It's not hard to meet expenses; they're everywhere.,2,0.4184589385986328,68.00783610343933
KAN_RHnonlit_11,1,150,2,joke,One way to keep pornography away from teenagers is to put it in a,textbook,cabinet,One way to keep pornography away from teenagers is to put it in a textbook.,3,0.5523829460144043,76.00976920127869
KAN_RHnonlit_11,1,75,2,nonjoke,"When reviewing your notes for a test, the most important ones will be",illegible,capitalized,"When reviewing your notes for a test, the most important ones will be capitalized.",,,84.0116240978241
KAN_RHnonlit_11,1,83,2,nonjoke,Nothing ages a woman faster than,identification,hardship,Nothing ages a woman faster than hardship.,1,0.20092082023620605,94.00563621520996
KAN_RHnonlit_11,1,10,2,joke,Nothing in the known universe travels faster than,gossip,radiation,Nothing in the known universe travels faster than gossip.,2,0.30135393142700195,102.00756120681763
KAN_RHnonlit_11,1,85,2,nonjoke,"Frequent naps prevent old age, especially when taken while",driving,relaxed,"Frequent naps prevent old age, especially when taken while relaxed.",1,0.7533950805664062,112.001629114151
KAN_RHnonlit_11,1,51,2,nonjoke,I went to a place that serves breakfast any time and ordered French toast in the,Renaissance,nighttime,I went to a place that serves breakfast any time and ordered French toast in the nighttime.,1,1.138343095779419,120.00360608100891
KAN_RHnonlit_11,1,2,2,joke,"She went on a fourteen day diet, but she only lost two",weeks,ounces,"She went on a fourteen day diet, but she only lost two weeks.",2,0.38506102561950684,128.00546407699585
KAN_RHnonlit_11,1,27,2,nonjoke,"Once a week they hold a bingo game, and all the proceeds go to fight",gambling,disease,"Once a week they hold a bingo game, and all the proceeds go to fight disease.",2,0.2182149887084961,136.0074381828308
KAN_RHnonlit_11,1,60,2,joke,Another thing a small boy is constantly outgrowing is his,allowance,underwear,Another thing a small boy is constantly outgrowing is his allowance.,3,0.35164713859558105,144.0093560218811
KAN_RHnonlit_11,1,126,2,joke,My husband took the money we were saving to buy a new car and blew it all at the,laundry,tables,My husband took the money we were saving to buy a new car and blew it all at the laundry.,3,1.3895680904388428,154.00339007377625
KAN_RHnonlit_11,1,130,2,joke,"This house comes with lots of extras, mostly",termites,upgrades,"This house comes with lots of extras, mostly termites.",3,0.6696631908416748,168.0151560306549
KAN_RHnonlit_11,1,124,2,joke,"I've got Parkinson's disease, and he's got", mine,gout,"I've got Parkinson's disease, and he's got mine.",3,0.3849971294403076,176.00036907196045
KAN_RHnonlit_11,1,55,2,nonjoke,His wife sued for divorce and asked for custody of the,cash,cat,His wife sued for divorce and asked for custody of the cat.,2,0.28543806076049805,184.00222301483154
KAN_RHnonlit_11,1,33,2,nonjoke,Some people think courtship is the first in a series of steps leading to ,divorce,romance,Some people think courtship is the first in a series of steps leading to romance.,1,0.803412914276123,192.00427412986755
KAN_RHnonlit_11,1,48,2,joke,"The new tax forms are more realistic: where your wife signs, it says","""accomplice""","""partner""","The new tax forms are more realistic: where your wife signs, it says ""accomplice"".",2,0.0836489200592041,200.00615620613098
KAN_RHnonlit_11,1,43,2,nonjoke,"I asked him if he started out as an editor, and he said that years ago he used to be a ",boy,journalist,"I asked him if he started out as an editor, and he said that years ago he used to be a journalist.",2,0.4519648551940918,216.00999116897583
KAN_RHnonlit_11,1,142,2,joke,She's happy because she finally has a boyfriend who gets along with her,fianc_,father,She's happy because she finally has a boyfriend who gets along with her fianc_.,,,224.01196217536926
KAN_RHnonlit_11,1,117,2,nonjoke,"All roads lead to Rome, and all detours lead to",profanity,somewhere,"All roads lead to Rome, and all detours lead to somewhere.",1,0.4185659885406494,234.00594210624695
KAN_RHnonlit_11,1,99,2,nonjoke,"He's never given a girl a present, but he did give a few a pretty good",reputation,surprise,"He's never given a girl a present, but he did give a few a pretty good surprise.",1,0.5189130306243896,254.010812997818
KAN_RHnonlit_11,1,18,2,joke,"When we watch a sexy movie, my wife leans over and breathes on my",glasses,collar,"When we watch a sexy movie, my wife leans over and breathes on my glasses.",3,0.7198951244354248,264.0048050880432
KAN_RHnonlit_11,1,93,2,nonjoke,"He is probably the best boxer in the country, but he always loses in the ",city,competition,"He is probably the best boxer in the country, but he always loses in the competition.",1,0.4185318946838379,280.0086741447449
KAN_RHnonlit_11,1,50,2,joke,The only time my father ever raised a hand to his children was in ,self- defense,discipline,The only time my father ever raised a hand to his children was in self- defense.,3,0.4017641544342041,308.0154130458832
KAN_RHnonlit_11,1,58,2,joke,The woman who has her husband eating out of her hand must save a lot of,dishwashing,heartbreak,The woman who has her husband eating out of her hand must save a lot of dishwashing.,3,0.4185969829559326,318.0094530582428
KAN_RHnonlit_11,1,40,2,joke,No patient should leave the hospital until he's strong enough to face the,cashier,outside,No patient should leave the hospital until he's strong enough to face the cashier.,2,0.5188989639282227,326.0114471912384
KAN_RHnonlit_11,1,65,2,nonjoke,A good way to blow your mind is to smoke ,gunpowder,heroin,A good way to blow your mind is to smoke heroin.,1,0.8704161643981934,338.01436400413513
KAN_RHnonlit_11,1,42,2,joke,The best way to keep the milk from turning sour is to keep it in the,cow,cold,The best way to keep the milk from turning sour is to keep it in the cow.,2,0.36835694313049316,348.00830817222595
KAN_RHnonlit_11,1,155,2,nonjoke,The show had one act that was really offbeat: the,singer,clowns,The show had one act that was really offbeat: the clowns.,1,0.4352710247039795,356.0103352069855
KAN_RHnonlit_11,1,104,2,joke,Politicians who are as American as apple pie still want their,slice,rewards,Politicians who are as American as apple pie still want their slice.,2,0.1004328727722168,366.0043821334839
KAN_RHnonlit_11,1,92,2,joke,"When I asked the bartender for something cold and full of rum, he recommended his",wife,daiquiri,"When I asked the bartender for something cold and full of rum, he recommended his wife.",1,1.9753382205963135,382.00824999809265
KAN_RHnonlit_11,1,139,2,nonjoke,They redecorated the bar with new,drunks,wood,They redecorated the bar with new wood.,1,0.4687619209289551,402.0129702091217
KAN_RHnonlit_11,1,77,2,nonjoke,He is at the age when all the numbers in his little black book belong to,doctors,friends,He is at the age when all the numbers in his little black book belong to friends.,2,1.506645917892456,430.00309920310974
KAN_RHnonlit_11,1,87,2,nonjoke,"It's always nicer to give than to receive, especially when its your",opinion,parents,"It's always nicer to give than to receive, especially when its your parents.",,,438.0050220489502
KAN_RHnonlit_11,1,152,2,joke,"Many things run in families, especially",noses,strength,"Many things run in families, especially noses.",2,0.636059045791626,446.0069580078125
KAN_RHnonlit_11,1,68,2,joke,She always told girls not to look for a husband but just to date,bachelors,someone,She always told girls not to look for a husband but just to date bachelors.,1,0.5023009777069092,456.00089406967163
KAN_RHnonlit_11,1,24,2,joke,"Where I'm from, the two most common elements are hydrogen and ",stupidity,nitrogen,"Where I'm from, the two most common elements are hydrogen and stupidity.",3,0.753303050994873,468.00379610061646
KAN_RHnonlit_11,1,23,2,nonjoke,The curse of heavy drinking is that afterwards you get a huge,bar tab,headache,The curse of heavy drinking is that afterwards you get a huge headache.,1,0.7868959903717041,478.01455521583557
KAN_RHnonlit_11,1,119,2,nonjoke,"He told me he's not broke, just badly",bent,off,"He told me he's not broke, just badly off.",1,0.887300968170166,492.00961804389954
KAN_RHnonlit_11,1,15,2,nonjoke,"When John bought a bulldog, it was no time at all before he had that dog eating out of his",leg,fingers,"When John bought a bulldog, it was no time at all before he had that dog eating out of his fingers.",2,1.4565191268920898,500.0114920139313
KAN_RHnonlit_11,1,1,2,nonjoke,"When I asked how long he should cook the noodles, I said at least ten",inches,seconds,"When I asked how long he should cook the noodles, I said at least ten seconds.",1,0.45188188552856445,510.00568318367004
KAN_RHnonlit_11,1,91,2,nonjoke,"If there's one thing that counts in business, its",bookkeepers,resources,"If there's one thing that counts in business, its resources.",1,0.05024099349975586,518.0075161457062
KAN_RHnonlit_11,1,21,2,nonjoke,"She told him he looked like a million, and she meant every",century,syllable,"She told him he looked like a million, and she meant every syllable.",1,1.8079330921173096,526.0094680786133
KAN_RHnonlit_11,1,102,2,joke,We live in a lovely suburb; it's just two miles beyond our,income,town,We live in a lovely suburb; it's just two miles beyond our income.,3,0.43525004386901855,536.0034871101379
KAN_RHnonlit_11,1,129,2,nonjoke,The perfect companion to a vegetarian dinner is a ,steak,salad,The perfect companion to a vegetarian dinner is a salad.,,,548.006343126297
KAN_RHnonlit_11,1,13,2,nonjoke,A device for finding furniture in the dark is a ,shin,candle,A device for finding furniture in the dark is a candle.,1,0.6360900402069092,556.0083520412445
KAN_RHnonlit_11,1,6,2,joke,Sunday is the day we bow our heads and,putt,rest,Sunday is the day we bow our heads and putt.,1,1.1048548221588135,566.0024251937866
