subj,run,item,list,category,sentence,joke ending,nonjoke ending,displayed,response,RT,question onset
0.0000,8.000,1,66,1,nonjoke,One good way to invest in the country is to buy a ,senator,business,One good way to invest in the country is to buy a business.,<VisionEgg.WrappedText.WrappedText object at 0x10ab0cc30>
8.0000,2.000,fix
10.0000,8.000,1,104,1,nonjoke,Politicians who are as American as apple pie still want their,slice,rewards,Politicians who are as American as apple pie still want their rewards.,<VisionEgg.WrappedText.WrappedText object at 0x10ab0cd20>
18.0000,8.000,1,95,1,joke,He was teaching his girlfriend how to swim when the lifeguard made them move to the ,lake,shallows,He was teaching his girlfriend how to swim when the lifeguard made them move to the lake.,<VisionEgg.WrappedText.WrappedText object at 0x10ab0ccd0>
26.0000,2.000,fix
28.0000,8.000,1,120,1,nonjoke,Two things are essential for success: wealth and,money,fame,Two things are essential for success: wealth and fame.,<VisionEgg.WrappedText.WrappedText object at 0x10ab0c7d0>
36.0000,2.000,fix
38.0000,8.000,1,41,1,joke,His doctor recommended he stay flat on his back ever since he was hit by a ,steamroller,motorist,His doctor recommended he stay flat on his back ever since he was hit by a steamroller.,<VisionEgg.WrappedText.WrappedText object at 0x10ab0c8c0>
46.0000,2.000,fix
48.0000,8.000,1,106,1,nonjoke,"Every time I wear my spring coat in the rain, it damages the",springs,fabric,"Every time I wear my spring coat in the rain, it damages the fabric.",<VisionEgg.WrappedText.WrappedText object at 0x10ab0c780>
56.0000,2.000,fix
58.0000,8.000,1,128,1,nonjoke,"Figures don't lie, except on the",beaches,page,"Figures don't lie, except on the page.",<VisionEgg.WrappedText.WrappedText object at 0x10ab0c6e0>
66.0000,8.000,1,13,1,joke,A device for finding furniture in the dark is a ,shin,candle,A device for finding furniture in the dark is a shin.,<VisionEgg.WrappedText.WrappedText object at 0x10ab0c9b0>
74.0000,14.000,fix
88.0000,8.000,1,79,1,joke,She puts something behind her ears to attract men; lately she's been using her,ankles,vanilla,She puts something behind her ears to attract men; lately she's been using her ankles.,<VisionEgg.WrappedText.WrappedText object at 0x10ab0c960>
96.0000,2.000,fix
98.0000,8.000,1,94,1,nonjoke,"To get something done, a committee should consist of no more than three people, two of whom are",dead,workers,"To get something done, a committee should consist of no more than three people, two of whom are workers.",<VisionEgg.WrappedText.WrappedText object at 0x10ab0ca50>
106.0000,2.000,fix
108.0000,8.000,1,114,1,nonjoke,It's extraordinary what fine poker hand you get when you're playing,bridge,stud,It's extraordinary what fine poker hand you get when you're playing stud.,<VisionEgg.WrappedText.WrappedText object at 0x10ab0c910>
116.0000,8.000,1,26,1,nonjoke,"To clothe one soldier, it takes the wool from two sheep and the hides from three",taxpayers,animals,"To clothe one soldier, it takes the wool from two sheep and the hides from three animals.",<VisionEgg.WrappedText.WrappedText object at 0x10ab0c870>
124.0000,12.000,fix
136.0000,8.000,1,7,1,joke,A replacement player hit a home run with my,girl,ball,A replacement player hit a home run with my girl.,<VisionEgg.WrappedText.WrappedText object at 0x10ab0c820>
144.0000,6.000,fix
150.0000,8.000,1,77,1,joke,He is at the age when all the numbers in his little black book belong to,doctors,friends,He is at the age when all the numbers in his little black book belong to doctors.,<VisionEgg.WrappedText.WrappedText object at 0x10ab0ca00>
158.0000,4.000,fix
162.0000,8.000,1,121,1,joke,"Diamonds are produced by great pressure, usually provided by a ",girlfriend,piston,"Diamonds are produced by great pressure, usually provided by a girlfriend.",<VisionEgg.WrappedText.WrappedText object at 0x10ab0ce10>
170.0000,4.000,fix
174.0000,8.000,1,113,1,joke,Some people's only culture is,bacteria,radio,Some people's only culture is bacteria.,<VisionEgg.WrappedText.WrappedText object at 0x10ab0cdc0>
182.0000,2.000,fix
184.0000,8.000,1,147,1,joke,"When we got divorced, my wife and I split the house; she got the",inside,kitchen,"When we got divorced, my wife and I split the house; she got the inside.",<VisionEgg.WrappedText.WrappedText object at 0x10ab0ceb0>
192.0000,8.000,1,4,1,nonjoke,I knew a streetwalker who was so exclusive she had an unlisted telephone,booth,line,I knew a streetwalker who was so exclusive she had an unlisted telephone line.,<VisionEgg.WrappedText.WrappedText object at 0x10ab0ce60>
200.0000,8.000,1,141,1,joke,The only crop that is grown in America and harvested abroad is the American,tourist,tobacco,The only crop that is grown in America and harvested abroad is the American tourist.,<VisionEgg.WrappedText.WrappedText object at 0x10ab0cf00>
208.0000,4.000,fix
212.0000,8.000,1,88,1,nonjoke,The wind was so strong it blew out three,fuses,streetlights,The wind was so strong it blew out three streetlights.,<VisionEgg.WrappedText.WrappedText object at 0x10ab0cfa0>
220.0000,6.000,fix
226.0000,8.000,1,154,1,nonjoke,"This new computer works so quickly, it comes complete with",ulcers,games,"This new computer works so quickly, it comes complete with games.",<VisionEgg.WrappedText.WrappedText object at 0x10ab0cf50>
234.0000,8.000,1,144,1,nonjoke,The difference between a dog and fox is about five,beers,degrees,The difference between a dog and fox is about five degrees.,<VisionEgg.WrappedText.WrappedText object at 0x10aba5050>
242.0000,8.000,1,59,1,joke,"Women don't dress to please men; if they did, they'd dress a lot",faster,scantier,"Women don't dress to please men; if they did, they'd dress a lot faster.",<VisionEgg.WrappedText.WrappedText object at 0x10aba50a0>
250.0000,8.000,1,119,1,joke,"He told me he's not broke, just badly",bent,off,"He told me he's not broke, just badly bent.",<VisionEgg.WrappedText.WrappedText object at 0x10aba50f0>
258.0000,12.000,fix
270.0000,8.000,1,116,1,nonjoke,Autobiography is an unrivaled vehicle for telling the truth about,others,somebody,Autobiography is an unrivaled vehicle for telling the truth about somebody.,<VisionEgg.WrappedText.WrappedText object at 0x10aba5140>
278.0000,8.000,1,31,1,joke,"He told her he wasn't himself, and she said she'd noticed the",improvement,problem,"He told her he wasn't himself, and she said she'd noticed the improvement.",<VisionEgg.WrappedText.WrappedText object at 0x10aba5190>
286.0000,2.000,fix
288.0000,8.000,1,101,1,joke,"I got a car for my wife, and I thought it was a good",trade,choice,"I got a car for my wife, and I thought it was a good trade.",<VisionEgg.WrappedText.WrappedText object at 0x10aba51e0>
296.0000,14.000,fix
310.0000,8.000,1,14,1,nonjoke,He got a medal for bravery on the beach when he rescued a girl from a ,lifeguard,shipwreck,He got a medal for bravery on the beach when he rescued a girl from a shipwreck.,<VisionEgg.WrappedText.WrappedText object at 0x10aba5230>
318.0000,4.000,fix
322.0000,8.000,1,85,1,joke,"Frequent naps prevent old age, especially when taken while",driving,relaxed,"Frequent naps prevent old age, especially when taken while driving.",<VisionEgg.WrappedText.WrappedText object at 0x10aba52d0>
330.0000,2.000,fix
332.0000,8.000,1,56,1,nonjoke,"When you own an ice cream business, your favorite flavor is",aspirin,everything,"When you own an ice cream business, your favorite flavor is everything.",<VisionEgg.WrappedText.WrappedText object at 0x10aba5320>
340.0000,2.000,fix
342.0000,8.000,1,105,1,joke,The book that tells you where you can go on vacation is called a,checkbook,guidebook,The book that tells you where you can go on vacation is called a checkbook.,<VisionEgg.WrappedText.WrappedText object at 0x10aba5280>
350.0000,4.000,fix
354.0000,8.000,1,138,1,nonjoke,Modern science is amazing: garbage is now being made into,movies,gasoline,Modern science is amazing: garbage is now being made into gasoline.,<VisionEgg.WrappedText.WrappedText object at 0x10aba5370>
362.0000,2.000,fix
364.0000,8.000,1,49,1,joke,One person who sure makes a long story short is my,editor,aunt,One person who sure makes a long story short is my editor.,<VisionEgg.WrappedText.WrappedText object at 0x10aba53c0>
372.0000,2.000,fix
374.0000,8.000,1,3,1,joke,A thoughtful wife has pork chops ready when her husband comes home from,fishing,working,A thoughtful wife has pork chops ready when her husband comes home from fishing.,<VisionEgg.WrappedText.WrappedText object at 0x10aba5410>
382.0000,4.000,fix
386.0000,8.000,1,143,1,joke,Most of the people running for office are not politicians; they're,commuters,candidates,Most of the people running for office are not politicians; they're commuters.,<VisionEgg.WrappedText.WrappedText object at 0x10aba5460>
394.0000,8.000,1,137,1,joke,A man who has lost ninety percent of his brain is called a,widower,zombie,A man who has lost ninety percent of his brain is called a widower.,<VisionEgg.WrappedText.WrappedText object at 0x10aba5500>
402.0000,8.000,1,156,1,nonjoke,The only ones who want me for my body are,mosquitos,losers,The only ones who want me for my body are losers.,<VisionEgg.WrappedText.WrappedText object at 0x10aba54b0>
410.0000,8.000,fix
418.0000,8.000,1,132,1,nonjoke,The last time a guy in a mask took all my money I was in,surgery,shock,The last time a guy in a mask took all my money I was in shock.,<VisionEgg.WrappedText.WrappedText object at 0x10aba5550>
426.0000,6.000,fix
432.0000,8.000,1,50,1,nonjoke,The only time my father ever raised a hand to his children was in ,self- defense,discipline,The only time my father ever raised a hand to his children was in discipline.,<VisionEgg.WrappedText.WrappedText object at 0x10aba55a0>
440.0000,4.000,fix
444.0000,8.000,1,47,1,joke,"Charged with statutory rape, he told the judge he didn't know she was a ",statue,teenager,"Charged with statutory rape, he told the judge he didn't know she was a statue.",<VisionEgg.WrappedText.WrappedText object at 0x10aba5640>
452.0000,8.000,1,2,1,nonjoke,"She went on a fourteen day diet, but she only lost two",weeks,ounces,"She went on a fourteen day diet, but she only lost two ounces.",<VisionEgg.WrappedText.WrappedText object at 0x10aba5690>
460.0000,8.000,1,11,1,joke,"He owns stock in a company that pays quarterly dividends, so every three months they send him a",quarter,statement,"He owns stock in a company that pays quarterly dividends, so every three months they send him a quarter.",<VisionEgg.WrappedText.WrappedText object at 0x10aba55f0>
468.0000,8.000,1,10,1,nonjoke,Nothing in the known universe travels faster than,gossip,radiation,Nothing in the known universe travels faster than radiation.,<VisionEgg.WrappedText.WrappedText object at 0x10aba56e0>
476.0000,2.000,fix
478.0000,8.000,1,42,1,nonjoke,The best way to keep the milk from turning sour is to keep it in the,cow,cold,The best way to keep the milk from turning sour is to keep it in the cold.,<VisionEgg.WrappedText.WrappedText object at 0x10aba5730>
486.0000,8.000,1,129,1,joke,The perfect companion to a vegetarian dinner is a ,steak,salad,The perfect companion to a vegetarian dinner is a steak.,<VisionEgg.WrappedText.WrappedText object at 0x10aba5780>
494.0000,4.000,fix
498.0000,8.000,1,133,1,joke,He likes to make things around the house; this week it's the,maid,shelves,He likes to make things around the house; this week it's the maid.,<VisionEgg.WrappedText.WrappedText object at 0x10aba57d0>
506.0000,8.000,1,74,1,nonjoke,He's planning an extended vacation; he hopes to spend three weeks on his,couch,sailboat,He's planning an extended vacation; he hopes to spend three weeks on his sailboat.,<VisionEgg.WrappedText.WrappedText object at 0x10aba5820>
514.0000,2.000,fix
516.0000,8.000,1,68,1,nonjoke,She always told girls not to look for a husband but just to date,bachelors,someone,She always told girls not to look for a husband but just to date someone.,<VisionEgg.WrappedText.WrappedText object at 0x10aba5870>
524.0000,2.000,fix
526.0000,8.000,1,80,1,nonjoke,He says he doesn't like to drink because it makes him feel,happy,sad,He says he doesn't like to drink because it makes him feel sad.,<VisionEgg.WrappedText.WrappedText object at 0x10aba58c0>
534.0000,8.000,1,54,1,nonjoke,The tourist bureau told the visitors there was plenty of hunting in this part of the country but very little,finding,sightseeing,The tourist bureau told the visitors there was plenty of hunting in this part of the country but very little sightseeing.,<VisionEgg.WrappedText.WrappedText object at 0x10aba5910>
542.0000,2.000,fix
544.0000,8.000,1,9,1,joke,"I asked the woman at the party if she remembered me from last year, and she said she never forgets a ",dress,name,"I asked the woman at the party if she remembered me from last year, and she said she never forgets a dress.",<VisionEgg.WrappedText.WrappedText object at 0x10aba5960>
552.0000,2.000,fix
554.0000,8.000,1,45,1,joke,"She is so modest, she pulls down the shade to change her", mind,jacket,"She is so modest, she pulls down the shade to change her mind.",<VisionEgg.WrappedText.WrappedText object at 0x10aba59b0>
562.0000,8.000,fix
KAN_RHnonlit_10,1,66,1,nonjoke,One good way to invest in the country is to buy a ,senator,business,One good way to invest in the country is to buy a business.,1,1.25553297996521,6.0004799365997314
KAN_RHnonlit_10,1,104,1,nonjoke,Politicians who are as American as apple pie still want their,slice,rewards,Politicians who are as American as apple pie still want their rewards.,,,16.011234998703003
KAN_RHnonlit_10,1,95,1,joke,He was teaching his girlfriend how to swim when the lifeguard made them move to the ,lake,shallows,He was teaching his girlfriend how to swim when the lifeguard made them move to the lake.,3,1.1551759243011475,24.01313304901123
KAN_RHnonlit_10,1,120,1,nonjoke,Two things are essential for success: wealth and,money,fame,Two things are essential for success: wealth and fame.,4,0.7365660667419434,34.00721597671509
KAN_RHnonlit_10,1,41,1,joke,His doctor recommended he stay flat on his back ever since he was hit by a ,steamroller,motorist,His doctor recommended he stay flat on his back ever since he was hit by a steamroller.,1,0.4185521602630615,44.0012629032135
KAN_RHnonlit_10,1,106,1,nonjoke,"Every time I wear my spring coat in the rain, it damages the",springs,fabric,"Every time I wear my spring coat in the rain, it damages the fabric.",1,0.8705439567565918,54.01200294494629
KAN_RHnonlit_10,1,128,1,nonjoke,"Figures don't lie, except on the",beaches,page,"Figures don't lie, except on the page.",4,0.6193959712982178,64.00609993934631
KAN_RHnonlit_10,1,13,1,joke,A device for finding furniture in the dark is a ,shin,candle,A device for finding furniture in the dark is a shin.,4,0.9374608993530273,72.00798797607422
KAN_RHnonlit_10,1,79,1,joke,She puts something behind her ears to attract men; lately she's been using her,ankles,vanilla,She puts something behind her ears to attract men; lately she's been using her ankles.,3,1.52329421043396,94.0050208568573
KAN_RHnonlit_10,1,94,1,nonjoke,"To get something done, a committee should consist of no more than three people, two of whom are",dead,workers,"To get something done, a committee should consist of no more than three people, two of whom are workers.",4,0.904015064239502,104.01569294929504
KAN_RHnonlit_10,1,114,1,nonjoke,It's extraordinary what fine poker hand you get when you're playing,bridge,stud,It's extraordinary what fine poker hand you get when you're playing stud.,1,0.6026928424835205,114.00980305671692
KAN_RHnonlit_10,1,26,1,nonjoke,"To clothe one soldier, it takes the wool from two sheep and the hides from three",taxpayers,animals,"To clothe one soldier, it takes the wool from two sheep and the hides from three animals.",2,1.925266981124878,122.01165699958801
KAN_RHnonlit_10,1,7,1,joke,A replacement player hit a home run with my,girl,ball,A replacement player hit a home run with my girl.,1,0.5356338024139404,142.01660203933716
KAN_RHnonlit_10,1,77,1,joke,He is at the age when all the numbers in his little black book belong to,doctors,friends,He is at the age when all the numbers in his little black book belong to doctors.,2,1.3225910663604736,156.01151084899902
KAN_RHnonlit_10,1,121,1,joke,"Diamonds are produced by great pressure, usually provided by a ",girlfriend,piston,"Diamonds are produced by great pressure, usually provided by a girlfriend.",4,0.5691840648651123,168.01447796821594
KAN_RHnonlit_10,1,113,1,joke,Some people's only culture is,bacteria,radio,Some people's only culture is bacteria.,,,180.00067400932312
KAN_RHnonlit_10,1,147,1,joke,"When we got divorced, my wife and I split the house; she got the",inside,kitchen,"When we got divorced, my wife and I split the house; she got the inside.",4,0.6695661544799805,190.0114119052887
KAN_RHnonlit_10,1,4,1,nonjoke,I knew a streetwalker who was so exclusive she had an unlisted telephone,booth,line,I knew a streetwalker who was so exclusive she had an unlisted telephone line.,2,0.45201611518859863,198.01326394081116
KAN_RHnonlit_10,1,141,1,joke,The only crop that is grown in America and harvested abroad is the American,tourist,tobacco,The only crop that is grown in America and harvested abroad is the American tourist.,2,1.4062929153442383,206.0152039527893
KAN_RHnonlit_10,1,88,1,nonjoke,The wind was so strong it blew out three,fuses,streetlights,The wind was so strong it blew out three streetlights.,1,0.5859019756317139,218.00145888328552
KAN_RHnonlit_10,1,154,1,nonjoke,"This new computer works so quickly, it comes complete with",ulcers,games,"This new computer works so quickly, it comes complete with games.",2,0.5357451438903809,232.0131618976593
KAN_RHnonlit_10,1,144,1,nonjoke,The difference between a dog and fox is about five,beers,degrees,The difference between a dog and fox is about five degrees.,1,1.1551029682159424,240.01512098312378
KAN_RHnonlit_10,1,59,1,joke,"Women don't dress to please men; if they did, they'd dress a lot",faster,scantier,"Women don't dress to please men; if they did, they'd dress a lot faster.",4,0.6695389747619629,248.00033402442932
KAN_RHnonlit_10,1,119,1,joke,"He told me he's not broke, just badly",bent,off,"He told me he's not broke, just badly bent.",1,0.6194570064544678,256.00221705436707
KAN_RHnonlit_10,1,116,1,nonjoke,Autobiography is an unrivaled vehicle for telling the truth about,others,somebody,Autobiography is an unrivaled vehicle for telling the truth about somebody.,2,1.6406400203704834,276.00705194473267
KAN_RHnonlit_10,1,31,1,joke,"He told her he wasn't himself, and she said she'd noticed the",improvement,problem,"He told her he wasn't himself, and she said she'd noticed the improvement.",3,0.9374771118164062,284.00896692276
KAN_RHnonlit_10,1,101,1,joke,"I got a car for my wife, and I thought it was a good",trade,choice,"I got a car for my wife, and I thought it was a good trade.",4,0.937514066696167,294.0029969215393
KAN_RHnonlit_10,1,14,1,nonjoke,He got a medal for bravery on the beach when he rescued a girl from a ,lifeguard,shipwreck,He got a medal for bravery on the beach when he rescued a girl from a shipwreck.,1,1.1718568801879883,316.01664996147156
KAN_RHnonlit_10,1,85,1,joke,"Frequent naps prevent old age, especially when taken while",driving,relaxed,"Frequent naps prevent old age, especially when taken while driving.",,,328.00286984443665
KAN_RHnonlit_10,1,56,1,nonjoke,"When you own an ice cream business, your favorite flavor is",aspirin,everything,"When you own an ice cream business, your favorite flavor is everything.",3,1.0547230243682861,338.01361298561096
KAN_RHnonlit_10,1,105,1,joke,The book that tells you where you can go on vacation is called a,checkbook,guidebook,The book that tells you where you can go on vacation is called a checkbook.,3,1.0546250343322754,348.0076868534088
KAN_RHnonlit_10,1,138,1,nonjoke,Modern science is amazing: garbage is now being made into,movies,gasoline,Modern science is amazing: garbage is now being made into gasoline.,2,1.0378849506378174,360.010577917099
KAN_RHnonlit_10,1,49,1,joke,One person who sure makes a long story short is my,editor,aunt,One person who sure makes a long story short is my editor.,3,0.6863281726837158,370.0046088695526
KAN_RHnonlit_10,1,3,1,joke,A thoughtful wife has pork chops ready when her husband comes home from,fishing,working,A thoughtful wife has pork chops ready when her husband comes home from fishing.,1,1.0211400985717773,380.01543283462524
KAN_RHnonlit_10,1,143,1,joke,Most of the people running for office are not politicians; they're,commuters,candidates,Most of the people running for office are not politicians; they're commuters.,4,1.7744519710540771,392.001620054245
KAN_RHnonlit_10,1,137,1,joke,A man who has lost ninety percent of his brain is called a,widower,zombie,A man who has lost ninety percent of his brain is called a widower.,3,0.5357799530029297,400.00346302986145
KAN_RHnonlit_10,1,156,1,nonjoke,The only ones who want me for my body are,mosquitos,losers,The only ones who want me for my body are losers.,1,0.6696290969848633,408.0054008960724
KAN_RHnonlit_10,1,132,1,nonjoke,The last time a guy in a mask took all my money I was in,surgery,shock,The last time a guy in a mask took all my money I was in shock.,1,1.6238019466400146,424.0093050003052
KAN_RHnonlit_10,1,50,1,nonjoke,The only time my father ever raised a hand to his children was in ,self- defense,discipline,The only time my father ever raised a hand to his children was in discipline.,1,1.0713920593261719,438.0042929649353
KAN_RHnonlit_10,1,47,1,joke,"Charged with statutory rape, he told the judge he didn't know she was a ",statue,teenager,"Charged with statutory rape, he told the judge he didn't know she was a statue.",2,0.8538169860839844,450.0072338581085
KAN_RHnonlit_10,1,2,1,nonjoke,"She went on a fourteen day diet, but she only lost two",weeks,ounces,"She went on a fourteen day diet, but she only lost two ounces.",1,0.703070878982544,458.0091290473938
KAN_RHnonlit_10,1,11,1,joke,"He owns stock in a company that pays quarterly dividends, so every three months they send him a",quarter,statement,"He owns stock in a company that pays quarterly dividends, so every three months they send him a quarter.",,,466.01107001304626
KAN_RHnonlit_10,1,10,1,nonjoke,Nothing in the known universe travels faster than,gossip,radiation,Nothing in the known universe travels faster than radiation.,1,0.5189361572265625,474.0130648612976
KAN_RHnonlit_10,1,42,1,nonjoke,The best way to keep the milk from turning sour is to keep it in the,cow,cold,The best way to keep the milk from turning sour is to keep it in the cold.,1,0.954246997833252,484.0070290565491
KAN_RHnonlit_10,1,129,1,joke,The perfect companion to a vegetarian dinner is a ,steak,salad,The perfect companion to a vegetarian dinner is a steak.,3,0.5524179935455322,492.00896406173706
KAN_RHnonlit_10,1,133,1,joke,He likes to make things around the house; this week it's the,maid,shelves,He likes to make things around the house; this week it's the maid.,1,1.2387290000915527,504.01191902160645
KAN_RHnonlit_10,1,74,1,nonjoke,He's planning an extended vacation; he hopes to spend three weeks on his,couch,sailboat,He's planning an extended vacation; he hopes to spend three weeks on his sailboat.,1,1.1718730926513672,512.0137729644775
KAN_RHnonlit_10,1,68,1,nonjoke,She always told girls not to look for a husband but just to date,bachelors,someone,She always told girls not to look for a husband but just to date someone.,1,0.6026780605316162,522.0078659057617
KAN_RHnonlit_10,1,80,1,nonjoke,He says he doesn't like to drink because it makes him feel,happy,sad,He says he doesn't like to drink because it makes him feel sad.,1,0.636099100112915,532.0019059181213
KAN_RHnonlit_10,1,54,1,nonjoke,The tourist bureau told the visitors there was plenty of hunting in this part of the country but very little,finding,sightseeing,The tourist bureau told the visitors there was plenty of hunting in this part of the country but very little sightseeing.,,,540.0038239955902
KAN_RHnonlit_10,1,9,1,joke,"I asked the woman at the party if she remembered me from last year, and she said she never forgets a ",dress,name,"I asked the woman at the party if she remembered me from last year, and she said she never forgets a dress.",3,0.5021810531616211,550.0146539211273
KAN_RHnonlit_10,1,45,1,joke,"She is so modest, she pulls down the shade to change her", mind,jacket,"She is so modest, she pulls down the shade to change her mind.",1,1.40625,560.0086719989777
