subj,run,item,list,category,sentence,joke ending,nonjoke ending,displayed,response,RT,question onset
KAN_RHnonlit_02,1,23,2,nonjoke,The curse of heavy drinking is that afterwards you get a huge,bar tab,headache,The curse of heavy drinking is that afterwards you get a huge headache.,1,1.316498041152954,6.008819103240967
KAN_RHnonlit_02,1,150,2,joke,One way to keep pornography away from teenagers is to put it in a,textbook,cabinet,One way to keep pornography away from teenagers is to put it in a textbook.,2,1.3832809925079346,16.007801055908203
KAN_RHnonlit_02,1,152,2,joke,"Many things run in families, especially",noses,strength,"Many things run in families, especially noses.",2,1.3832058906555176,24.007073163986206
KAN_RHnonlit_02,1,113,2,nonjoke,Some people's only culture is,bacteria,radio,Some people's only culture is radio.,1,1.0331809520721436,34.006098985672
KAN_RHnonlit_02,1,52,2,joke,My wife did natural childbirth: no,makeup,anesthetic,My wife did natural childbirth: no makeup.,2,1.149914026260376,44.005025148391724
KAN_RHnonlit_02,1,102,2,joke,We live in a lovely suburb; it's just two miles beyond our,income,town,We live in a lovely suburb; it's just two miles beyond our income.,2,0.49990296363830566,54.00412201881409
KAN_RHnonlit_02,1,24,2,joke,"Where I'm from, the two most common elements are hydrogen and ",stupidity,nitrogen,"Where I'm from, the two most common elements are hydrogen and stupidity.",2,1.5164151191711426,64.00312304496765
KAN_RHnonlit_02,1,29,2,nonjoke,My doctor has never violated his oath: the oath he took years ago to become a,millionaire,practitioner,My doctor has never violated his oath: the oath he took years ago to become a practitioner.,2,1.5165390968322754,72.00224494934082
KAN_RHnonlit_02,1,97,2,nonjoke,"When I found out how much my wife spent on dresses last year, I dumped her and proposed to the",dressmaker,mistress,"When I found out how much my wife spent on dresses last year, I dumped her and proposed to the mistress.",2,1.7331831455230713,94.00010395050049
KAN_RHnonlit_02,1,58,2,joke,The woman who has her husband eating out of her hand must save a lot of,dishwashing,heartbreak,The woman who has her husband eating out of her hand must save a lot of dishwashing.,3,0.983241081237793,104.01584196090698
KAN_RHnonlit_02,1,41,2,nonjoke,His doctor recommended he stay flat on his back ever since he was hit by a ,steamroller,motorist,His doctor recommended he stay flat on his back ever since he was hit by a motorist.,1,0.6999258995056152,114.01485204696655
KAN_RHnonlit_02,1,21,2,nonjoke,"She told him he looked like a million, and she meant every",century,syllable,"She told him he looked like a million, and she meant every syllable.",,,122.01401209831238
KAN_RHnonlit_02,1,65,2,nonjoke,A good way to blow your mind is to smoke ,gunpowder,heroin,A good way to blow your mind is to smoke heroin.,2,0.3666341304779053,142.01202702522278
KAN_RHnonlit_02,1,147,2,nonjoke,"When we got divorced, my wife and I split the house; she got the",inside,kitchen,"When we got divorced, my wife and I split the house; she got the kitchen.",2,0.7498898506164551,156.01060509681702
KAN_RHnonlit_02,1,63,2,nonjoke,"It's hard to raise a family nowadays, especially in the ",morning,country,"It's hard to raise a family nowadays, especially in the country.",1,0.9165041446685791,168.0094599723816
KAN_RHnonlit_02,1,105,2,nonjoke,The book that tells you where you can go on vacation is called a,checkbook,guidebook,The book that tells you where you can go on vacation is called a guidebook.,1,1.0831360816955566,180.00829100608826
KAN_RHnonlit_02,1,64,2,joke,The best way to stop an elephant from charging is to cut off its,credit,toes,The best way to stop an elephant from charging is to cut off its credit.,,,190.00723600387573
KAN_RHnonlit_02,1,74,2,joke,He's planning an extended vacation; he hopes to spend three weeks on his,couch,sailboat,He's planning an extended vacation; he hopes to spend three weeks on his couch.,2,1.8664870262145996,198.00641798973083
KAN_RHnonlit_02,1,20,2,joke,"He told me he just bought a set of balloon tires, and I told him I didn't even know he owned a",balloon,truck,"He told me he just bought a set of balloon tires, and I told him I didn't even know he owned a balloon.",4,1.4498300552368164,206.0057020187378
KAN_RHnonlit_02,1,55,2,nonjoke,His wife sued for divorce and asked for custody of the,cash,cat,His wife sued for divorce and asked for custody of the cat.,1,0.9831669330596924,218.0045120716095
KAN_RHnonlit_02,1,16,2,joke,Many a man's idea of a vacation is to rest quietly in the shade of a ,blonde,palm,Many a man's idea of a vacation is to rest quietly in the shade of a blonde.,1,1.566514015197754,232.00307607650757
KAN_RHnonlit_02,1,56,2,joke,"When you own an ice cream business, your favorite flavor is",aspirin,everything,"When you own an ice cream business, your favorite flavor is aspirin.",2,1.233185052871704,240.00231003761292
KAN_RHnonlit_02,1,140,2,joke,You can keep your kids in hot water with ,dishes,rules,You can keep your kids in hot water with dishes.,1,1.9331481456756592,248.0015230178833
KAN_RHnonlit_02,1,69,2,nonjoke,"When an irresistible force meets an immovable object, you get two very angry",women,entities,"When an irresistible force meets an immovable object, you get two very angry entities.",3,1.7997469902038574,256.0007300376892
KAN_RHnonlit_02,1,18,2,joke,"When we watch a sexy movie, my wife leans over and breathes on my",glasses,collar,"When we watch a sexy movie, my wife leans over and breathes on my glasses.",4,0.89994215965271,276.01535201072693
KAN_RHnonlit_02,1,6,2,joke,Sunday is the day we bow our heads and,putt,rest,Sunday is the day we bow our heads and putt.,2,0.35005903244018555,284.01455307006836
KAN_RHnonlit_02,1,142,2,joke,She's happy because she finally has a boyfriend who gets along with her,fianc_,father,She's happy because she finally has a boyfriend who gets along with her fianc_.,,,294.01357793807983
KAN_RHnonlit_02,1,71,2,nonjoke,Save the whales; start a,collection,coalition,Save the whales; start a coalition.,1,0.6999437808990479,316.01135516166687
KAN_RHnonlit_02,1,72,2,joke,The first two hundred story building opened in Chicago; it was a ,library,hotel,The first two hundred story building opened in Chicago; it was a library.,1,0.6165680885314941,328.0102620124817
KAN_RHnonlit_02,1,96,2,joke,"When the kid came into the store and asked for empty boxes, the owner gave him the",register,crate,"When the kid came into the store and asked for empty boxes, the owner gave him the register.",2,1.9330949783325195,338.00927901268005
KAN_RHnonlit_02,1,144,2,joke,The difference between a dog and fox is about five,beers,degrees,The difference between a dog and fox is about five beers.,3,0.6499409675598145,348.0082700252533
KAN_RHnonlit_02,1,106,2,joke,"Every time I wear my spring coat in the rain, it damages the",springs,fabric,"Every time I wear my spring coat in the rain, it damages the springs.",4,0.5999600887298584,360.00701999664307
KAN_RHnonlit_02,1,117,2,nonjoke,"All roads lead to Rome, and all detours lead to",profanity,somewhere,"All roads lead to Rome, and all detours lead to somewhere.",2,1.3831760883331299,370.0060820579529
KAN_RHnonlit_02,1,124,2,joke,"I've got Parkinson's disease, and he's got", mine,gout,"I've got Parkinson's disease, and he's got mine.",2,0.4000089168548584,380.00503611564636
KAN_RHnonlit_02,1,94,2,joke,"To get something done, a committee should consist of no more than three people, two of whom are",dead,workers,"To get something done, a committee should consist of no more than three people, two of whom are dead.",3,1.2999207973480225,392.0038821697235
KAN_RHnonlit_02,1,107,2,nonjoke,The difference between a good speaker and a bad one is often a nice,nap,diction,The difference between a good speaker and a bad one is often a nice diction.,1,1.5998082160949707,400.003093957901
KAN_RHnonlit_02,1,19,2,nonjoke,"I decided to start saving for a rainy day, so I went to a savings and loan and deposited my",umbrella,pay,"I decided to start saving for a rainy day, so I went to a savings and loan and deposited my pay.",1,1.0499029159545898,408.0022621154785
KAN_RHnonlit_02,1,49,2,nonjoke,One person who sure makes a long story short is my,editor,aunt,One person who sure makes a long story short is my aunt.,1,1.899806022644043,424.00075912475586
KAN_RHnonlit_02,1,59,2,nonjoke,"Women don't dress to please men; if they did, they'd dress a lot",faster,scantier,"Women don't dress to please men; if they did, they'd dress a lot scantier.",1,1.8997828960418701,438.01597714424133
KAN_RHnonlit_02,1,54,2,joke,The tourist bureau told the visitors there was plenty of hunting in this part of the country but very little,finding,sightseeing,The tourist bureau told the visitors there was plenty of hunting in this part of the country but very little finding.,3,0.3499629497528076,450.0147910118103
KAN_RHnonlit_02,1,156,2,joke,The only ones who want me for my body are,mosquitos,losers,The only ones who want me for my body are mosquitos.,3,0.6999161243438721,458.0140609741211
KAN_RHnonlit_02,1,2,2,joke,"She went on a fourteen day diet, but she only lost two",weeks,ounces,"She went on a fourteen day diet, but she only lost two weeks.",1,1.2164299488067627,466.01325511932373
KAN_RHnonlit_02,1,143,2,nonjoke,Most of the people running for office are not politicians; they're,commuters,candidates,Most of the people running for office are not politicians; they're candidates.,1,1.3498029708862305,474.0124731063843
KAN_RHnonlit_02,1,66,2,joke,One good way to invest in the country is to buy a ,senator,business,One good way to invest in the country is to buy a senator.,3,0.983177900314331,484.01145815849304
KAN_RHnonlit_02,1,15,2,nonjoke,"When John bought a bulldog, it was no time at all before he had that dog eating out of his",leg,fingers,"When John bought a bulldog, it was no time at all before he had that dog eating out of his fingers.",1,1.7164361476898193,492.01069498062134
KAN_RHnonlit_02,1,76,2,joke,"Parents support clubs for teenagers, especially when they lack other forms of",punishment,diversion,"Parents support clubs for teenagers, especially when they lack other forms of punishment.",1,1.4664499759674072,504.0095191001892
KAN_RHnonlit_02,1,77,2,nonjoke,He is at the age when all the numbers in his little black book belong to,doctors,friends,He is at the age when all the numbers in his little black book belong to friends.,1,1.033229112625122,512.0086250305176
KAN_RHnonlit_02,1,3,2,nonjoke,A thoughtful wife has pork chops ready when her husband comes home from,fishing,working,A thoughtful wife has pork chops ready when her husband comes home from working.,2,0.6999311447143555,522.0077040195465
KAN_RHnonlit_02,1,153,2,nonjoke,The husband who catches his wife in the act is probably on the,trapeze,snoop,The husband who catches his wife in the act is probably on the snoop.,1,0.7999668121337891,532.0066511631012
KAN_RHnonlit_02,1,100,2,joke,"I hope this train stops at Grand Central because if it doesn't, there will be a ",crash,delay,"I hope this train stops at Grand Central because if it doesn't, there will be a crash.",3,0.6333479881286621,540.0058491230011
KAN_RHnonlit_02,1,127,2,nonjoke,The penalty for dishonesty is the disgrace of dying,rich,unloved,The penalty for dishonesty is the disgrace of dying unloved.,1,1.1165530681610107,550.0048480033875
KAN_RHnonlit_02,1,88,2,joke,The wind was so strong it blew out three,fuses,streetlights,The wind was so strong it blew out three fuses.,1,1.5331189632415771,560.003909111023
