subj,run,item,list,category,sentence,joke ending,nonjoke ending,displayed,response,RT,question onset
0.0000,8.000,1,22,1,nonjoke,Our son brought home a note from school saying they need a written excuse for his,presence,tardiness,Our son brought home a note from school saying they need a written excuse for his tardiness.,<VisionEgg.WrappedText.WrappedText object at 0x10889eaf0>
8.0000,2.000,fix
10.0000,8.000,1,38,1,nonjoke,This fall two things are turning yellow: trees and,investors,bushes,This fall two things are turning yellow: trees and bushes.,<VisionEgg.WrappedText.WrappedText object at 0x10889eb40>
18.0000,8.000,1,61,1,joke,"For great vacation, put the kids in the back seat, and take a ",cruise,freeway,"For great vacation, put the kids in the back seat, and take a cruise.",<VisionEgg.WrappedText.WrappedText object at 0x10889ecd0>
26.0000,2.000,fix
28.0000,8.000,1,64,1,nonjoke,The best way to stop an elephant from charging is to cut off its,credit,toes,The best way to stop an elephant from charging is to cut off its toes.,<VisionEgg.WrappedText.WrappedText object at 0x10889eaa0>
36.0000,2.000,fix
38.0000,8.000,1,103,1,joke,"I still miss my ex-wife, but I am improving my",aim,ego,"I still miss my ex-wife, but I am improving my aim.",<VisionEgg.WrappedText.WrappedText object at 0x10889ebe0>
46.0000,2.000,fix
48.0000,8.000,1,92,1,nonjoke,"When I asked the bartender for something cold and full of rum, he recommended his",wife,daiquiri,"When I asked the bartender for something cold and full of rum, he recommended his daiquiri.",<VisionEgg.WrappedText.WrappedText object at 0x10889e7d0>
56.0000,2.000,fix
58.0000,8.000,1,130,1,nonjoke,"This house comes with lots of extras, mostly",termites,upgrades,"This house comes with lots of extras, mostly upgrades.",<VisionEgg.WrappedText.WrappedText object at 0x10889ea50>
66.0000,8.000,1,95,1,joke,He was teaching his girlfriend how to swim when the lifeguard made them move to the ,lake,shallows,He was teaching his girlfriend how to swim when the lifeguard made them move to the lake.,<VisionEgg.WrappedText.WrappedText object at 0x10889e870>
74.0000,14.000,fix
88.0000,8.000,1,79,1,joke,She puts something behind her ears to attract men; lately she's been using her,ankles,vanilla,She puts something behind her ears to attract men; lately she's been using her ankles.,<VisionEgg.WrappedText.WrappedText object at 0x10889e6e0>
96.0000,2.000,fix
98.0000,8.000,1,50,1,nonjoke,The only time my father ever raised a hand to his children was in ,self- defense,discipline,The only time my father ever raised a hand to his children was in discipline.,<VisionEgg.WrappedText.WrappedText object at 0x10889e8c0>
106.0000,2.000,fix
108.0000,8.000,1,132,1,nonjoke,The last time a guy in a mask took all my money I was in,surgery,shock,The last time a guy in a mask took all my money I was in shock.,<VisionEgg.WrappedText.WrappedText object at 0x10889e820>
116.0000,8.000,1,18,1,nonjoke,"When we watch a sexy movie, my wife leans over and breathes on my",glasses,collar,"When we watch a sexy movie, my wife leans over and breathes on my collar.",<VisionEgg.WrappedText.WrappedText object at 0x10889ea00>
124.0000,12.000,fix
136.0000,8.000,1,47,1,joke,"Charged with statutory rape, he told the judge he didn't know she was a ",statue,teenager,"Charged with statutory rape, he told the judge he didn't know she was a statue.",<VisionEgg.WrappedText.WrappedText object at 0x10889e910>
144.0000,6.000,fix
150.0000,8.000,1,75,1,joke,"When reviewing your notes for a test, the most important ones will be",illegible,capitalized,"When reviewing your notes for a test, the most important ones will be illegible.",<VisionEgg.WrappedText.WrappedText object at 0x10889e960>
158.0000,4.000,fix
162.0000,8.000,1,115,1,joke,"In the game of golf, nothing counts as much as your",opponent,drives,"In the game of golf, nothing counts as much as your opponent.",<VisionEgg.WrappedText.WrappedText object at 0x10889e780>
170.0000,4.000,fix
174.0000,8.000,1,105,1,joke,The book that tells you where you can go on vacation is called a,checkbook,guidebook,The book that tells you where you can go on vacation is called a checkbook.,<VisionEgg.WrappedText.WrappedText object at 0x10889e9b0>
182.0000,2.000,fix
184.0000,8.000,1,49,1,joke,One person who sure makes a long story short is my,editor,aunt,One person who sure makes a long story short is my editor.,<VisionEgg.WrappedText.WrappedText object at 0x10889edc0>
192.0000,8.000,1,66,1,nonjoke,One good way to invest in the country is to buy a ,senator,business,One good way to invest in the country is to buy a business.,<VisionEgg.WrappedText.WrappedText object at 0x10889ee10>
200.0000,8.000,1,37,1,joke,"The cops claimed that the prisoner just decided to come clean, but most people think he was forced into the",bathtub,admission,"The cops claimed that the prisoner just decided to come clean, but most people think he was forced into the bathtub.",<VisionEgg.WrappedText.WrappedText object at 0x10889ee60>
208.0000,4.000,fix
212.0000,8.000,1,58,1,nonjoke,The woman who has her husband eating out of her hand must save a lot of,dishwashing,heartbreak,The woman who has her husband eating out of her hand must save a lot of heartbreak.,<VisionEgg.WrappedText.WrappedText object at 0x10889eeb0>
220.0000,6.000,fix
226.0000,8.000,1,4,1,nonjoke,I knew a streetwalker who was so exclusive she had an unlisted telephone,booth,line,I knew a streetwalker who was so exclusive she had an unlisted telephone line.,<VisionEgg.WrappedText.WrappedText object at 0x10889ef00>
234.0000,8.000,1,48,1,nonjoke,"The new tax forms are more realistic: where your wife signs, it says","""accomplice""","""partner""","The new tax forms are more realistic: where your wife signs, it says ""partner"".",<VisionEgg.WrappedText.WrappedText object at 0x10889ef50>
242.0000,8.000,1,43,1,joke,"I asked him if he started out as an editor, and he said that years ago he used to be a ",boy,journalist,"I asked him if he started out as an editor, and he said that years ago he used to be a boy.",<VisionEgg.WrappedText.WrappedText object at 0x10c360050>
250.0000,8.000,1,39,1,joke,The best way to remove coffee stains from a white blouse is with,scissors,detergent,The best way to remove coffee stains from a white blouse is with scissors.,<VisionEgg.WrappedText.WrappedText object at 0x10c3600a0>
258.0000,12.000,fix
270.0000,8.000,1,126,1,nonjoke,My husband took the money we were saving to buy a new car and blew it all at the,laundry,tables,My husband took the money we were saving to buy a new car and blew it all at the tables.,<VisionEgg.WrappedText.WrappedText object at 0x10c360140>
278.0000,8.000,1,145,1,joke,The only person who sticks closer to you in adversity than a friend is a,creditor,spouse,The only person who sticks closer to you in adversity than a friend is a creditor.,<VisionEgg.WrappedText.WrappedText object at 0x10c3600f0>
286.0000,2.000,fix
288.0000,8.000,1,93,1,joke,"He is probably the best boxer in the country, but he always loses in the ",city,competition,"He is probably the best boxer in the country, but he always loses in the city.",<VisionEgg.WrappedText.WrappedText object at 0x10c3601e0>
296.0000,14.000,fix
310.0000,8.000,1,122,1,nonjoke,"If you're filthy rich, sending your kids to college is a wonderful", cleaner,luxury,"If you're filthy rich, sending your kids to college is a wonderful luxury.",<VisionEgg.WrappedText.WrappedText object at 0x10c360190>
318.0000,4.000,fix
322.0000,8.000,1,143,1,joke,Most of the people running for office are not politicians; they're,commuters,candidates,Most of the people running for office are not politicians; they're commuters.,<VisionEgg.WrappedText.WrappedText object at 0x10c360280>
330.0000,2.000,fix
332.0000,8.000,1,74,1,nonjoke,He's planning an extended vacation; he hopes to spend three weeks on his,couch,sailboat,He's planning an extended vacation; he hopes to spend three weeks on his sailboat.,<VisionEgg.WrappedText.WrappedText object at 0x10c3602d0>
340.0000,2.000,fix
342.0000,8.000,1,119,1,joke,"He told me he's not broke, just badly",bent,off,"He told me he's not broke, just badly bent.",<VisionEgg.WrappedText.WrappedText object at 0x10c360230>
350.0000,4.000,fix
354.0000,8.000,1,102,1,nonjoke,We live in a lovely suburb; it's just two miles beyond our,income,town,We live in a lovely suburb; it's just two miles beyond our town.,<VisionEgg.WrappedText.WrappedText object at 0x10c360320>
362.0000,2.000,fix
364.0000,8.000,1,81,1,joke,Another thing that has developed by leaps and bounds is modern,dance,science,Another thing that has developed by leaps and bounds is modern dance.,<VisionEgg.WrappedText.WrappedText object at 0x10c360370>
372.0000,2.000,fix
374.0000,8.000,1,59,1,joke,"Women don't dress to please men; if they did, they'd dress a lot",faster,scantier,"Women don't dress to please men; if they did, they'd dress a lot faster.",<VisionEgg.WrappedText.WrappedText object at 0x10c3603c0>
382.0000,4.000,fix
386.0000,8.000,1,25,1,joke,The only thing money can't buy is,poverty,generosity,The only thing money can't buy is poverty.,<VisionEgg.WrappedText.WrappedText object at 0x10c360410>
394.0000,8.000,1,153,1,joke,The husband who catches his wife in the act is probably on the,trapeze,snoop,The husband who catches his wife in the act is probably on the trapeze.,<VisionEgg.WrappedText.WrappedText object at 0x10c3604b0>
402.0000,8.000,1,116,1,nonjoke,Autobiography is an unrivaled vehicle for telling the truth about,others,somebody,Autobiography is an unrivaled vehicle for telling the truth about somebody.,<VisionEgg.WrappedText.WrappedText object at 0x10c360460>
410.0000,8.000,fix
418.0000,8.000,1,98,1,nonjoke,"Nature has three ways of thinning the herd: drought, famine, and ",primaries,hunting,"Nature has three ways of thinning the herd: drought, famine, and hunting.",<VisionEgg.WrappedText.WrappedText object at 0x10c360500>
426.0000,6.000,fix
432.0000,8.000,1,76,1,nonjoke,"Parents support clubs for teenagers, especially when they lack other forms of",punishment,diversion,"Parents support clubs for teenagers, especially when they lack other forms of diversion.",<VisionEgg.WrappedText.WrappedText object at 0x10c360550>
440.0000,4.000,fix
444.0000,8.000,1,13,1,joke,A device for finding furniture in the dark is a ,shin,candle,A device for finding furniture in the dark is a shin.,<VisionEgg.WrappedText.WrappedText object at 0x10c3605a0>
452.0000,8.000,1,144,1,nonjoke,The difference between a dog and fox is about five,beers,degrees,The difference between a dog and fox is about five degrees.,<VisionEgg.WrappedText.WrappedText object at 0x10c3605f0>
460.0000,8.000,1,1,1,joke,"When I asked how long he should cook the noodles, I said at least ten",inches,seconds,"When I asked how long he should cook the noodles, I said at least ten inches.",<VisionEgg.WrappedText.WrappedText object at 0x10c360640>
468.0000,8.000,1,32,1,nonjoke,"Though most people think it's Rome, the world's most beloved capital is actually",dollars,Vienna,"Though most people think it's Rome, the world's most beloved capital is actually Vienna.",<VisionEgg.WrappedText.WrappedText object at 0x10c360690>
476.0000,2.000,fix
478.0000,8.000,1,72,1,nonjoke,The first two hundred story building opened in Chicago; it was a ,library,hotel,The first two hundred story building opened in Chicago; it was a hotel.,<VisionEgg.WrappedText.WrappedText object at 0x10c3606e0>
486.0000,8.000,1,77,1,joke,He is at the age when all the numbers in his little black book belong to,doctors,friends,He is at the age when all the numbers in his little black book belong to doctors.,<VisionEgg.WrappedText.WrappedText object at 0x10c360730>
494.0000,4.000,fix
498.0000,8.000,1,113,1,joke,Some people's only culture is,bacteria,radio,Some people's only culture is bacteria.,<VisionEgg.WrappedText.WrappedText object at 0x10c3607d0>
506.0000,8.000,1,134,1,nonjoke,My church welcomes all denominations but prefers,twenties,Mormons,My church welcomes all denominations but prefers Mormons.,<VisionEgg.WrappedText.WrappedText object at 0x10c360820>
514.0000,2.000,fix
516.0000,8.000,1,42,1,nonjoke,The best way to keep the milk from turning sour is to keep it in the,cow,cold,The best way to keep the milk from turning sour is to keep it in the cold.,<VisionEgg.WrappedText.WrappedText object at 0x10c360780>
524.0000,2.000,fix
526.0000,8.000,1,90,1,nonjoke,A vacation is the shortest distance between two,paychecks,locations,A vacation is the shortest distance between two locations.,<VisionEgg.WrappedText.WrappedText object at 0x10c360870>
534.0000,8.000,1,142,1,nonjoke,She's happy because she finally has a boyfriend who gets along with her,fianc_,father,She's happy because she finally has a boyfriend who gets along with her father.,<VisionEgg.WrappedText.WrappedText object at 0x10c3608c0>
542.0000,2.000,fix
544.0000,8.000,1,71,1,joke,Save the whales; start a,collection,coalition,Save the whales; start a collection.,<VisionEgg.WrappedText.WrappedText object at 0x10c360910>
552.0000,2.000,fix
554.0000,8.000,1,117,1,joke,"All roads lead to Rome, and all detours lead to",profanity,somewhere,"All roads lead to Rome, and all detours lead to profanity.",<VisionEgg.WrappedText.WrappedText object at 0x10c3609b0>
562.0000,8.000,fix
KAN_RHnonlit_08,1,22,1,nonjoke,Our son brought home a note from school saying they need a written excuse for his,presence,tardiness,Our son brought home a note from school saying they need a written excuse for his tardiness.,,,6.002380847930908
KAN_RHnonlit_08,1,38,1,nonjoke,This fall two things are turning yellow: trees and,investors,bushes,This fall two things are turning yellow: trees and bushes.,2,9.826560974121094,16.01317596435547
KAN_RHnonlit_08,1,61,1,joke,"For great vacation, put the kids in the back seat, and take a ",cruise,freeway,"For great vacation, put the kids in the back seat, and take a cruise.",2,2.1259849071502686,24.015087842941284
KAN_RHnonlit_08,1,64,1,nonjoke,The best way to stop an elephant from charging is to cut off its,credit,toes,The best way to stop an elephant from charging is to cut off its toes.,1,8.320043087005615,34.00911998748779
KAN_RHnonlit_08,1,103,1,joke,"I still miss my ex-wife, but I am improving my",aim,ego,"I still miss my ex-wife, but I am improving my aim.",3,0.5189318656921387,44.00310397148132
KAN_RHnonlit_08,1,92,1,nonjoke,"When I asked the bartender for something cold and full of rum, he recommended his",wife,daiquiri,"When I asked the bartender for something cold and full of rum, he recommended his daiquiri.",2,1.590404987335205,54.0138578414917
KAN_RHnonlit_08,1,130,1,nonjoke,"This house comes with lots of extras, mostly",termites,upgrades,"This house comes with lots of extras, mostly upgrades.",1,0.8034601211547852,64.00799584388733
KAN_RHnonlit_08,1,95,1,joke,He was teaching his girlfriend how to swim when the lifeguard made them move to the ,lake,shallows,He was teaching his girlfriend how to swim when the lifeguard made them move to the lake.,2,1.992124080657959,72.00989079475403
KAN_RHnonlit_08,1,79,1,joke,She puts something behind her ears to attract men; lately she's been using her,ankles,vanilla,She puts something behind her ears to attract men; lately she's been using her ankles.,,,94.00682997703552
KAN_RHnonlit_08,1,50,1,nonjoke,The only time my father ever raised a hand to his children was in ,self- defense,discipline,The only time my father ever raised a hand to his children was in discipline.,1,9.55884599685669,104.00087976455688
KAN_RHnonlit_08,1,132,1,nonjoke,The last time a guy in a mask took all my money I was in,surgery,shock,The last time a guy in a mask took all my money I was in shock.,1,0.5356929302215576,114.01165986061096
KAN_RHnonlit_08,1,18,1,nonjoke,"When we watch a sexy movie, my wife leans over and breathes on my",glasses,collar,"When we watch a sexy movie, my wife leans over and breathes on my collar.",1,0.48546791076660156,122.01354789733887
KAN_RHnonlit_08,1,47,1,joke,"Charged with statutory rape, he told the judge he didn't know she was a ",statue,teenager,"Charged with statutory rape, he told the judge he didn't know she was a statue.",2,0.6193840503692627,142.00165176391602
KAN_RHnonlit_08,1,75,1,joke,"When reviewing your notes for a test, the most important ones will be",illegible,capitalized,"When reviewing your notes for a test, the most important ones will be illegible.",3,0.6194510459899902,156.01336979866028
KAN_RHnonlit_08,1,115,1,joke,"In the game of golf, nothing counts as much as your",opponent,drives,"In the game of golf, nothing counts as much as your opponent.",2,0.3347489833831787,168.01633381843567
KAN_RHnonlit_08,1,105,1,joke,The book that tells you where you can go on vacation is called a,checkbook,guidebook,The book that tells you where you can go on vacation is called a checkbook.,4,0.703117847442627,180.00249695777893
KAN_RHnonlit_08,1,49,1,joke,One person who sure makes a long story short is my,editor,aunt,One person who sure makes a long story short is my editor.,,,190.01325583457947
KAN_RHnonlit_08,1,66,1,nonjoke,One good way to invest in the country is to buy a ,senator,business,One good way to invest in the country is to buy a business.,1,0.803520917892456,198.01513695716858
KAN_RHnonlit_08,1,37,1,joke,"The cops claimed that the prisoner just decided to come clean, but most people think he was forced into the",bathtub,admission,"The cops claimed that the prisoner just decided to come clean, but most people think he was forced into the bathtub.",3,0.6362149715423584,206.0003218650818
KAN_RHnonlit_08,1,58,1,nonjoke,The woman who has her husband eating out of her hand must save a lot of,dishwashing,heartbreak,The woman who has her husband eating out of her hand must save a lot of heartbreak.,2,0.5858128070831299,218.00332498550415
KAN_RHnonlit_08,1,4,1,nonjoke,I knew a streetwalker who was so exclusive she had an unlisted telephone,booth,line,I knew a streetwalker who was so exclusive she had an unlisted telephone line.,3,1.7243239879608154,232.0149929523468
KAN_RHnonlit_08,1,48,1,nonjoke,"The new tax forms are more realistic: where your wife signs, it says","""accomplice""","""partner""","The new tax forms are more realistic: where your wife signs, it says ""partner"".",,,240.00021696090698
KAN_RHnonlit_08,1,43,1,joke,"I asked him if he started out as an editor, and he said that years ago he used to be a ",boy,journalist,"I asked him if he started out as an editor, and he said that years ago he used to be a boy.",2,0.4185488224029541,248.00208497047424
KAN_RHnonlit_08,1,39,1,joke,The best way to remove coffee stains from a white blouse is with,scissors,detergent,The best way to remove coffee stains from a white blouse is with scissors.,4,0.2678661346435547,256.0040798187256
KAN_RHnonlit_08,1,126,1,nonjoke,My husband took the money we were saving to buy a new car and blew it all at the,laundry,tables,My husband took the money we were saving to buy a new car and blew it all at the tables.,1,0.3517129421234131,276.00884199142456
KAN_RHnonlit_08,1,145,1,joke,The only person who sticks closer to you in adversity than a friend is a,creditor,spouse,The only person who sticks closer to you in adversity than a friend is a creditor.,,,284.01083993911743
KAN_RHnonlit_08,1,93,1,joke,"He is probably the best boxer in the country, but he always loses in the ",city,competition,"He is probably the best boxer in the country, but he always loses in the city.",2,1.5736279487609863,294.00486183166504
KAN_RHnonlit_08,1,122,1,nonjoke,"If you're filthy rich, sending your kids to college is a wonderful", cleaner,luxury,"If you're filthy rich, sending your kids to college is a wonderful luxury.",1,0.8370509147644043,316.00175285339355
KAN_RHnonlit_08,1,143,1,joke,Most of the people running for office are not politicians; they're,commuters,candidates,Most of the people running for office are not politicians; they're commuters.,3,0.31807899475097656,328.00469398498535
KAN_RHnonlit_08,1,74,1,nonjoke,He's planning an extended vacation; he hopes to spend three weeks on his,couch,sailboat,He's planning an extended vacation; he hopes to spend three weeks on his sailboat.,1,0.03344893455505371,338.0155408382416
KAN_RHnonlit_08,1,119,1,joke,"He told me he's not broke, just badly",bent,off,"He told me he's not broke, just badly bent.",,,348.00951981544495
KAN_RHnonlit_08,1,102,1,nonjoke,We live in a lovely suburb; it's just two miles beyond our,income,town,We live in a lovely suburb; it's just two miles beyond our town.,1,0.4185760021209717,360.0124089717865
KAN_RHnonlit_08,1,81,1,joke,Another thing that has developed by leaps and bounds is modern,dance,science,Another thing that has developed by leaps and bounds is modern dance.,,,370.00649976730347
KAN_RHnonlit_08,1,59,1,joke,"Women don't dress to please men; if they did, they'd dress a lot",faster,scantier,"Women don't dress to please men; if they did, they'd dress a lot faster.",3,0.30130791664123535,380.000540971756
KAN_RHnonlit_08,1,25,1,joke,The only thing money can't buy is,poverty,generosity,The only thing money can't buy is poverty.,2,0.05022120475769043,392.00339579582214
KAN_RHnonlit_08,1,153,1,joke,The husband who catches his wife in the act is probably on the,trapeze,snoop,The husband who catches his wife in the act is probably on the trapeze.,,,400.00532698631287
KAN_RHnonlit_08,1,116,1,nonjoke,Autobiography is an unrivaled vehicle for telling the truth about,others,somebody,Autobiography is an unrivaled vehicle for telling the truth about somebody.,1,0.8538639545440674,408.0072429180145
KAN_RHnonlit_08,1,98,1,nonjoke,"Nature has three ways of thinning the herd: drought, famine, and ",primaries,hunting,"Nature has three ways of thinning the herd: drought, famine, and hunting.",,,424.01114988327026
KAN_RHnonlit_08,1,76,1,nonjoke,"Parents support clubs for teenagers, especially when they lack other forms of",punishment,diversion,"Parents support clubs for teenagers, especially when they lack other forms of diversion.",1,0.3014180660247803,438.00609588623047
KAN_RHnonlit_08,1,13,1,joke,A device for finding furniture in the dark is a ,shin,candle,A device for finding furniture in the dark is a shin.,1,1.1717948913574219,450.0091059207916
KAN_RHnonlit_08,1,144,1,nonjoke,The difference between a dog and fox is about five,beers,degrees,The difference between a dog and fox is about five degrees.,1,1.5401508808135986,458.01092290878296
KAN_RHnonlit_08,1,1,1,joke,"When I asked how long he should cook the noodles, I said at least ten",inches,seconds,"When I asked how long he should cook the noodles, I said at least ten inches.",2,0.6696598529815674,466.0129089355469
KAN_RHnonlit_08,1,32,1,nonjoke,"Though most people think it's Rome, the world's most beloved capital is actually",dollars,Vienna,"Though most people think it's Rome, the world's most beloved capital is actually Vienna.",1,0.45190000534057617,474.01485896110535
KAN_RHnonlit_08,1,72,1,nonjoke,The first two hundred story building opened in Chicago; it was a ,library,hotel,The first two hundred story building opened in Chicago; it was a hotel.,2,1.8079540729522705,484.0089018344879
KAN_RHnonlit_08,1,77,1,joke,He is at the age when all the numbers in his little black book belong to,doctors,friends,He is at the age when all the numbers in his little black book belong to doctors.,3,1.1718430519104004,492.0107638835907
KAN_RHnonlit_08,1,113,1,joke,Some people's only culture is,bacteria,radio,Some people's only culture is bacteria.,3,0.4184730052947998,504.01372385025024
KAN_RHnonlit_08,1,134,1,nonjoke,My church welcomes all denominations but prefers,twenties,Mormons,My church welcomes all denominations but prefers Mormons.,1,1.054656982421875,512.0156788825989
KAN_RHnonlit_08,1,42,1,nonjoke,The best way to keep the milk from turning sour is to keep it in the,cow,cold,The best way to keep the milk from turning sour is to keep it in the cold.,1,0.05013084411621094,522.0097579956055
KAN_RHnonlit_08,1,90,1,nonjoke,A vacation is the shortest distance between two,paychecks,locations,A vacation is the shortest distance between two locations.,1,0.36832404136657715,532.0036778450012
KAN_RHnonlit_08,1,142,1,nonjoke,She's happy because she finally has a boyfriend who gets along with her,fianc_,father,She's happy because she finally has a boyfriend who gets along with her father.,1,0.2678680419921875,540.0057117938995
KAN_RHnonlit_08,1,71,1,joke,Save the whales; start a,collection,coalition,Save the whales; start a collection.,2,0.40178704261779785,550.0164148807526
KAN_RHnonlit_08,1,117,1,joke,"All roads lead to Rome, and all detours lead to",profanity,somewhere,"All roads lead to Rome, and all detours lead to profanity.",,,560.0105459690094
