subj,run,item,list,category,sentence,joke ending,nonjoke ending,displayed,response,RT,question onset
0.0000,8.000,2,73,1,joke,One thing that makes the world go round is,detours,greed,One thing that makes the world go round is detours.,<VisionEgg.WrappedText.WrappedText object at 0x10a4a6960>
8.0000,8.000,2,150,1,nonjoke,One way to keep pornography away from teenagers is to put it in a,textbook,cabinet,One way to keep pornography away from teenagers is to put it in a cabinet.,<VisionEgg.WrappedText.WrappedText object at 0x10a4a69b0>
16.0000,4.000,fix
20.0000,8.000,2,133,1,joke,He likes to make things around the house; this week it's the,maid,shelves,He likes to make things around the house; this week it's the maid.,<VisionEgg.WrappedText.WrappedText object at 0x10a4a6a50>
28.0000,4.000,fix
32.0000,8.000,2,11,1,joke,"He owns stock in a company that pays quarterly dividends, so every three months they send him a",quarter,statement,"He owns stock in a company that pays quarterly dividends, so every three months they send him a quarter.",<VisionEgg.WrappedText.WrappedText object at 0x10a4a6a00>
40.0000,8.000,2,80,1,nonjoke,He says he doesn't like to drink because it makes him feel,happy,sad,He says he doesn't like to drink because it makes him feel sad.,<VisionEgg.WrappedText.WrappedText object at 0x10a4a6aa0>
48.0000,2.000,fix
50.0000,8.000,2,45,1,joke,"She is so modest, she pulls down the shade to change her", mind,jacket,"She is so modest, she pulls down the shade to change her mind.",<VisionEgg.WrappedText.WrappedText object at 0x10a4a6af0>
58.0000,4.000,fix
62.0000,8.000,2,109,1,joke,Many a freshman helps the college of his choice by becoming a ,dropout,member,Many a freshman helps the college of his choice by becoming a dropout.,<VisionEgg.WrappedText.WrappedText object at 0x10a4a6b40>
70.0000,8.000,2,137,1,joke,A man who has lost ninety percent of his brain is called a,widower,zombie,A man who has lost ninety percent of his brain is called a widower.,<VisionEgg.WrappedText.WrappedText object at 0x10a4a6b90>
78.0000,8.000,2,106,1,nonjoke,"Every time I wear my spring coat in the rain, it damages the",springs,fabric,"Every time I wear my spring coat in the rain, it damages the fabric.",<VisionEgg.WrappedText.WrappedText object at 0x10a4a6be0>
86.0000,2.000,fix
88.0000,8.000,2,154,1,nonjoke,"This new computer works so quickly, it comes complete with",ulcers,games,"This new computer works so quickly, it comes complete with games.",<VisionEgg.WrappedText.WrappedText object at 0x10a4a6c30>
96.0000,8.000,2,3,1,joke,A thoughtful wife has pork chops ready when her husband comes home from,fishing,working,A thoughtful wife has pork chops ready when her husband comes home from fishing.,<VisionEgg.WrappedText.WrappedText object at 0x10a4a6c80>
104.0000,2.000,fix
106.0000,8.000,2,34,1,nonjoke,"He asked if I'd join him in a bowl of soup, but I told him we didn't have enough",room,change,"He asked if I'd join him in a bowl of soup, but I told him we didn't have enough change.",<VisionEgg.WrappedText.WrappedText object at 0x10a4a6cd0>
114.0000,8.000,2,82,1,nonjoke,"When it comes to keeping warm, nothing beats a thermal",brunette,parka,"When it comes to keeping warm, nothing beats a thermal parka.",<VisionEgg.WrappedText.WrappedText object at 0x10a4a6d20>
122.0000,8.000,2,121,1,joke,"Diamonds are produced by great pressure, usually provided by a ",girlfriend,piston,"Diamonds are produced by great pressure, usually provided by a girlfriend.",<VisionEgg.WrappedText.WrappedText object at 0x10a4a6d70>
130.0000,8.000,2,136,1,nonjoke,The only fishing through the ice that some men ever do is for the ,olive,trout,The only fishing through the ice that some men ever do is for the trout.,<VisionEgg.WrappedText.WrappedText object at 0x10a4a6dc0>
138.0000,8.000,2,67,1,joke,The most prevalent form of legalized gambling is,elections,betting,The most prevalent form of legalized gambling is elections.,<VisionEgg.WrappedText.WrappedText object at 0x10a4a6e10>
146.0000,2.000,fix
148.0000,8.000,2,99,1,joke,"He's never given a girl a present, but he did give a few a pretty good",reputation,surprise,"He's never given a girl a present, but he did give a few a pretty good reputation.",<VisionEgg.WrappedText.WrappedText object at 0x10a4a6e60>
156.0000,6.000,fix
162.0000,8.000,2,5,1,joke,She read so much about the bad effects of cigarettes she decided to give up the,reading,habit,She read so much about the bad effects of cigarettes she decided to give up the reading.,<VisionEgg.WrappedText.WrappedText object at 0x10a4a6f00>
170.0000,8.000,2,155,1,joke,The show had one act that was really offbeat: the,singer,clowns,The show had one act that was really offbeat: the singer.,<VisionEgg.WrappedText.WrappedText object at 0x10a4a6eb0>
178.0000,8.000,2,118,1,nonjoke,Cocktails lounges are usually half lit to match the,patrons,setting,Cocktails lounges are usually half lit to match the setting.,<VisionEgg.WrappedText.WrappedText object at 0x10a4a6f50>
186.0000,8.000,2,148,1,nonjoke,The best bargain I ever got was when I went to a family garage sale and bought a ,grandma,toaster,The best bargain I ever got was when I went to a family garage sale and bought a toaster.,<VisionEgg.WrappedText.WrappedText object at 0x10a4a6fa0>
194.0000,8.000,2,35,1,joke,"Now that the Hollywood couple has ironed out the divorce settlement, they can finally go ahead with their",nuptials,careers,"Now that the Hollywood couple has ironed out the divorce settlement, they can finally go ahead with their nuptials.",<VisionEgg.WrappedText.WrappedText object at 0x10a53e050>
202.0000,8.000,fix
210.0000,8.000,2,40,1,nonjoke,No patient should leave the hospital until he's strong enough to face the,cashier,outside,No patient should leave the hospital until he's strong enough to face the outside.,<VisionEgg.WrappedText.WrappedText object at 0x10a53e0a0>
218.0000,8.000,2,91,1,joke,"If there's one thing that counts in business, its",bookkeepers,resources,"If there's one thing that counts in business, its bookkeepers.",<VisionEgg.WrappedText.WrappedText object at 0x10a53e140>
226.0000,2.000,fix
228.0000,8.000,2,88,1,nonjoke,The wind was so strong it blew out three,fuses,streetlights,The wind was so strong it blew out three streetlights.,<VisionEgg.WrappedText.WrappedText object at 0x10a53e0f0>
236.0000,12.000,fix
248.0000,8.000,2,104,1,nonjoke,Politicians who are as American as apple pie still want their,slice,rewards,Politicians who are as American as apple pie still want their rewards.,<VisionEgg.WrappedText.WrappedText object at 0x10a53e190>
256.0000,2.000,fix
258.0000,8.000,2,33,1,joke,Some people think courtship is the first in a series of steps leading to ,divorce,romance,Some people think courtship is the first in a series of steps leading to divorce.,<VisionEgg.WrappedText.WrappedText object at 0x10a53e1e0>
266.0000,8.000,fix
274.0000,8.000,2,110,1,nonjoke,It's not hard to meet expenses; they're ,everywhere,affordable,It's not hard to meet expenses; they're affordable.,<VisionEgg.WrappedText.WrappedText object at 0x10a53e280>
282.0000,20.000,fix
302.0000,8.000,2,97,1,joke,"When I found out how much my wife spent on dresses last year, I dumped her and proposed to the",dressmaker,mistress,"When I found out how much my wife spent on dresses last year, I dumped her and proposed to the dressmaker.",<VisionEgg.WrappedText.WrappedText object at 0x10a53e230>
310.0000,2.000,fix
312.0000,8.000,2,135,1,joke,"My mechanic couldn't fix my brakes, so he fixed my",horn,clutch,"My mechanic couldn't fix my brakes, so he fixed my horn.",<VisionEgg.WrappedText.WrappedText object at 0x10a53e2d0>
320.0000,8.000,2,15,1,joke,"When John bought a bulldog, it was no time at all before he had that dog eating out of his",leg,fingers,"When John bought a bulldog, it was no time at all before he had that dog eating out of his leg.",<VisionEgg.WrappedText.WrappedText object at 0x10a53e320>
328.0000,4.000,fix
332.0000,8.000,2,60,1,nonjoke,Another thing a small boy is constantly outgrowing is his,allowance,underwear,Another thing a small boy is constantly outgrowing is his underwear.,<VisionEgg.WrappedText.WrappedText object at 0x10a53e370>
340.0000,2.000,fix
342.0000,8.000,2,123,1,joke,Too many girls believe that the chief foundation for true love is a large,stone,fortune,Too many girls believe that the chief foundation for true love is a large stone.,<VisionEgg.WrappedText.WrappedText object at 0x10a53e3c0>
350.0000,8.000,2,140,1,nonjoke,You can keep your kids in hot water with ,dishes,rules,You can keep your kids in hot water with rules.,<VisionEgg.WrappedText.WrappedText object at 0x10a53e410>
358.0000,2.000,fix
360.0000,8.000,2,27,1,joke,"Once a week they hold a bingo game, and all the proceeds go to fight",gambling,disease,"Once a week they hold a bingo game, and all the proceeds go to fight gambling.",<VisionEgg.WrappedText.WrappedText object at 0x10a53e460>
368.0000,8.000,fix
376.0000,8.000,2,107,1,joke,The difference between a good speaker and a bad one is often a nice,nap,diction,The difference between a good speaker and a bad one is often a nice nap.,<VisionEgg.WrappedText.WrappedText object at 0x10a53e500>
384.0000,12.000,fix
396.0000,8.000,2,16,1,nonjoke,Many a man's idea of a vacation is to rest quietly in the shade of a ,blonde,palm,Many a man's idea of a vacation is to rest quietly in the shade of a palm.,<VisionEgg.WrappedText.WrappedText object at 0x10a53e4b0>
404.0000,20.000,fix
424.0000,8.000,2,96,1,nonjoke,"When the kid came into the store and asked for empty boxes, the owner gave him the",register,crate,"When the kid came into the store and asked for empty boxes, the owner gave him the crate.",<VisionEgg.WrappedText.WrappedText object at 0x10a53e5a0>
432.0000,8.000,2,94,1,nonjoke,"To get something done, a committee should consist of no more than three people, two of whom are",dead,workers,"To get something done, a committee should consist of no more than three people, two of whom are workers.",<VisionEgg.WrappedText.WrappedText object at 0x10a53e550>
440.0000,8.000,2,111,1,joke,"Some husbands are good providers, but only if you count",children,salary,"Some husbands are good providers, but only if you count children.",<VisionEgg.WrappedText.WrappedText object at 0x10a53e5f0>
448.0000,2.000,fix
450.0000,8.000,2,7,1,joke,A replacement player hit a home run with my,girl,ball,A replacement player hit a home run with my girl.,<VisionEgg.WrappedText.WrappedText object at 0x10a53e640>
458.0000,4.000,fix
462.0000,8.000,2,19,1,joke,"I decided to start saving for a rainy day, so I went to a savings and loan and deposited my",umbrella,pay,"I decided to start saving for a rainy day, so I went to a savings and loan and deposited my umbrella.",<VisionEgg.WrappedText.WrappedText object at 0x10a53e690>
470.0000,2.000,fix
472.0000,8.000,2,28,1,nonjoke,Her press agent was operated on for an ingrown,beeper,eyelash,Her press agent was operated on for an ingrown eyelash.,<VisionEgg.WrappedText.WrappedText object at 0x10a53e6e0>
480.0000,6.000,fix
486.0000,8.000,2,10,1,nonjoke,Nothing in the known universe travels faster than,gossip,radiation,Nothing in the known universe travels faster than radiation.,<VisionEgg.WrappedText.WrappedText object at 0x10a53e730>
494.0000,8.000,2,36,1,nonjoke,A problem drinker is one who never,buys,quits,A problem drinker is one who never quits.,<VisionEgg.WrappedText.WrappedText object at 0x10a53e780>
502.0000,2.000,fix
504.0000,8.000,2,78,1,nonjoke,My brother-in-law enjoys fixing things around the house so much he spent an hour last night just fixing our,drinks,stove,My brother-in-law enjoys fixing things around the house so much he spent an hour last night just fixing our stove.,<VisionEgg.WrappedText.WrappedText object at 0x10a53e820>
512.0000,8.000,2,100,1,nonjoke,"I hope this train stops at Grand Central because if it doesn't, there will be a ",crash,delay,"I hope this train stops at Grand Central because if it doesn't, there will be a delay.",<VisionEgg.WrappedText.WrappedText object at 0x10a53e7d0>
520.0000,8.000,2,44,1,nonjoke,The only place where you can find people who spend all their time minding their own business is the ,cemetery,bank,The only place where you can find people who spend all their time minding their own business is the bank.,<VisionEgg.WrappedText.WrappedText object at 0x10a53e870>
528.0000,2.000,fix
530.0000,8.000,2,29,1,joke,My doctor has never violated his oath: the oath he took years ago to become a,millionaire,practitioner,My doctor has never violated his oath: the oath he took years ago to become a millionaire.,<VisionEgg.WrappedText.WrappedText object at 0x10a53e8c0>
538.0000,4.000,fix
542.0000,8.000,2,56,1,nonjoke,"When you own an ice cream business, your favorite flavor is",aspirin,everything,"When you own an ice cream business, your favorite flavor is everything.",<VisionEgg.WrappedText.WrappedText object at 0x10a53e910>
550.0000,8.000,2,156,1,nonjoke,The only ones who want me for my body are,mosquitos,losers,The only ones who want me for my body are losers.,<VisionEgg.WrappedText.WrappedText object at 0x10a53e960>
558.0000,2.000,fix
560.0000,8.000,2,53,1,joke,"By the time Mary had her fourteenth child, she'd run out of names to call her ",husband,offspring,"By the time Mary had her fourteenth child, she'd run out of names to call her husband.",<VisionEgg.WrappedText.WrappedText object at 0x10a53e9b0>
568.0000,2.000,fix
KAN_RHnonlit_08,2,73,1,joke,One thing that makes the world go round is,detours,greed,One thing that makes the world go round is detours.,2,1.2220940589904785,6.0024237632751465
KAN_RHnonlit_08,2,150,1,nonjoke,One way to keep pornography away from teenagers is to put it in a,textbook,cabinet,One way to keep pornography away from teenagers is to put it in a cabinet.,1,0.9039628505706787,14.004405975341797
KAN_RHnonlit_08,2,133,1,joke,He likes to make things around the house; this week it's the,maid,shelves,He likes to make things around the house; this week it's the maid.,2,0.5859508514404297,26.00722098350525
KAN_RHnonlit_08,2,11,1,joke,"He owns stock in a company that pays quarterly dividends, so every three months they send him a",quarter,statement,"He owns stock in a company that pays quarterly dividends, so every three months they send him a quarter.",2,0.8202121257781982,38.01015877723694
KAN_RHnonlit_08,2,80,1,nonjoke,He says he doesn't like to drink because it makes him feel,happy,sad,He says he doesn't like to drink because it makes him feel sad.,1,0.4687938690185547,46.012027978897095
KAN_RHnonlit_08,2,45,1,joke,"She is so modest, she pulls down the shade to change her", mind,jacket,"She is so modest, she pulls down the shade to change her mind.",3,0.5189409255981445,56.00619697570801
KAN_RHnonlit_08,2,109,1,joke,Many a freshman helps the college of his choice by becoming a ,dropout,member,Many a freshman helps the college of his choice by becoming a dropout.,1,1.523324966430664,68.00909280776978
KAN_RHnonlit_08,2,137,1,joke,A man who has lost ninety percent of his brain is called a,widower,zombie,A man who has lost ninety percent of his brain is called a widower.,2,0.3849830627441406,76.01096081733704
KAN_RHnonlit_08,2,106,1,nonjoke,"Every time I wear my spring coat in the rain, it damages the",springs,fabric,"Every time I wear my spring coat in the rain, it damages the fabric.",1,0.5860490798950195,84.0128378868103
KAN_RHnonlit_08,2,154,1,nonjoke,"This new computer works so quickly, it comes complete with",ulcers,games,"This new computer works so quickly, it comes complete with games.",1,0.4352431297302246,94.00690484046936
KAN_RHnonlit_08,2,3,1,joke,A thoughtful wife has pork chops ready when her husband comes home from,fishing,working,A thoughtful wife has pork chops ready when her husband comes home from fishing.,1,0.8704960346221924,102.00888681411743
KAN_RHnonlit_08,2,34,1,nonjoke,"He asked if I'd join him in a bowl of soup, but I told him we didn't have enough",room,change,"He asked if I'd join him in a bowl of soup, but I told him we didn't have enough change.",1,0.9374380111694336,112.00290989875793
KAN_RHnonlit_08,2,82,1,nonjoke,"When it comes to keeping warm, nothing beats a thermal",brunette,parka,"When it comes to keeping warm, nothing beats a thermal parka.",1,0.6194369792938232,120.0048348903656
KAN_RHnonlit_08,2,121,1,joke,"Diamonds are produced by great pressure, usually provided by a ",girlfriend,piston,"Diamonds are produced by great pressure, usually provided by a girlfriend.",2,0.4520421028137207,128.00676584243774
KAN_RHnonlit_08,2,136,1,nonjoke,The only fishing through the ice that some men ever do is for the ,olive,trout,The only fishing through the ice that some men ever do is for the trout.,1,0.8703899383544922,136.00877499580383
KAN_RHnonlit_08,2,67,1,joke,The most prevalent form of legalized gambling is,elections,betting,The most prevalent form of legalized gambling is elections.,2,0.35155701637268066,144.01059293746948
KAN_RHnonlit_08,2,99,1,joke,"He's never given a girl a present, but he did give a few a pretty good",reputation,surprise,"He's never given a girl a present, but he did give a few a pretty good reputation.",2,0.45194101333618164,154.00469088554382
KAN_RHnonlit_08,2,5,1,joke,She read so much about the bad effects of cigarettes she decided to give up the,reading,habit,She read so much about the bad effects of cigarettes she decided to give up the reading.,2,0.4017069339752197,168.01645684242249
KAN_RHnonlit_08,2,155,1,joke,The show had one act that was really offbeat: the,singer,clowns,The show had one act that was really offbeat: the singer.,,,176.00159287452698
KAN_RHnonlit_08,2,118,1,nonjoke,Cocktails lounges are usually half lit to match the,patrons,setting,Cocktails lounges are usually half lit to match the setting.,1,0.38503408432006836,184.00353980064392
KAN_RHnonlit_08,2,148,1,nonjoke,The best bargain I ever got was when I went to a family garage sale and bought a ,grandma,toaster,The best bargain I ever got was when I went to a family garage sale and bought a toaster.,1,0.3851490020751953,192.00543189048767
KAN_RHnonlit_08,2,35,1,joke,"Now that the Hollywood couple has ironed out the divorce settlement, they can finally go ahead with their",nuptials,careers,"Now that the Hollywood couple has ironed out the divorce settlement, they can finally go ahead with their nuptials.",1,0.5189368724822998,200.0074589252472
KAN_RHnonlit_08,2,40,1,nonjoke,No patient should leave the hospital until he's strong enough to face the,cashier,outside,No patient should leave the hospital until he's strong enough to face the outside.,1,0.4017789363861084,216.01134490966797
KAN_RHnonlit_08,2,91,1,joke,"If there's one thing that counts in business, its",bookkeepers,resources,"If there's one thing that counts in business, its bookkeepers.",2,0.43530821800231934,224.01317977905273
KAN_RHnonlit_08,2,88,1,nonjoke,The wind was so strong it blew out three,fuses,streetlights,The wind was so strong it blew out three streetlights.,,,234.00726890563965
KAN_RHnonlit_08,2,104,1,nonjoke,Politicians who are as American as apple pie still want their,slice,rewards,Politicians who are as American as apple pie still want their rewards.,1,0.6025938987731934,254.01208996772766
KAN_RHnonlit_08,2,33,1,joke,Some people think courtship is the first in a series of steps leading to ,divorce,romance,Some people think courtship is the first in a series of steps leading to divorce.,,,264.0061538219452
KAN_RHnonlit_08,2,110,1,nonjoke,It's not hard to meet expenses; they're ,everywhere,affordable,It's not hard to meet expenses; they're affordable.,2,0.6026358604431152,280.0100269317627
KAN_RHnonlit_08,2,97,1,joke,"When I found out how much my wife spent on dresses last year, I dumped her and proposed to the",dressmaker,mistress,"When I found out how much my wife spent on dresses last year, I dumped her and proposed to the dressmaker.",2,0.5021698474884033,308.0167999267578
KAN_RHnonlit_08,2,135,1,joke,"My mechanic couldn't fix my brakes, so he fixed my",horn,clutch,"My mechanic couldn't fix my brakes, so he fixed my horn.",,,318.010803937912
KAN_RHnonlit_08,2,15,1,joke,"When John bought a bulldog, it was no time at all before he had that dog eating out of his",leg,fingers,"When John bought a bulldog, it was no time at all before he had that dog eating out of his leg.",1,0.4352688789367676,326.01268792152405
KAN_RHnonlit_08,2,60,1,nonjoke,Another thing a small boy is constantly outgrowing is his,allowance,underwear,Another thing a small boy is constantly outgrowing is his underwear.,2,1.037889003753662,338.01564598083496
KAN_RHnonlit_08,2,123,1,joke,Too many girls believe that the chief foundation for true love is a large,stone,fortune,Too many girls believe that the chief foundation for true love is a large stone.,2,0.3347330093383789,348.00970482826233
KAN_RHnonlit_08,2,140,1,nonjoke,You can keep your kids in hot water with ,dishes,rules,You can keep your kids in hot water with rules.,1,0.5691909790039062,356.0115559101105
KAN_RHnonlit_08,2,27,1,joke,"Once a week they hold a bingo game, and all the proceeds go to fight",gambling,disease,"Once a week they hold a bingo game, and all the proceeds go to fight gambling.",3,0.6695559024810791,366.005646944046
KAN_RHnonlit_08,2,107,1,joke,The difference between a good speaker and a bad one is often a nice,nap,diction,The difference between a good speaker and a bad one is often a nice nap.,2,0.9040241241455078,382.0094938278198
KAN_RHnonlit_08,2,16,1,nonjoke,Many a man's idea of a vacation is to rest quietly in the shade of a ,blonde,palm,Many a man's idea of a vacation is to rest quietly in the shade of a palm.,1,1.540205955505371,402.0142979621887
KAN_RHnonlit_08,2,96,1,nonjoke,"When the kid came into the store and asked for empty boxes, the owner gave him the",register,crate,"When the kid came into the store and asked for empty boxes, the owner gave him the crate.",1,0.33482789993286133,430.0043818950653
KAN_RHnonlit_08,2,94,1,nonjoke,"To get something done, a committee should consist of no more than three people, two of whom are",dead,workers,"To get something done, a committee should consist of no more than three people, two of whom are workers.",1,0.7533061504364014,438.0062828063965
KAN_RHnonlit_08,2,111,1,joke,"Some husbands are good providers, but only if you count",children,salary,"Some husbands are good providers, but only if you count children.",2,0.30135416984558105,446.0082588195801
KAN_RHnonlit_08,2,7,1,joke,A replacement player hit a home run with my,girl,ball,A replacement player hit a home run with my girl.,1,1.2890269756317139,456.0022859573364
KAN_RHnonlit_08,2,19,1,joke,"I decided to start saving for a rainy day, so I went to a savings and loan and deposited my",umbrella,pay,"I decided to start saving for a rainy day, so I went to a savings and loan and deposited my umbrella.",2,0.5190219879150391,468.0051338672638
KAN_RHnonlit_08,2,28,1,nonjoke,Her press agent was operated on for an ingrown,beeper,eyelash,Her press agent was operated on for an ingrown eyelash.,1,0.5357789993286133,478.01592898368835
KAN_RHnonlit_08,2,10,1,nonjoke,Nothing in the known universe travels faster than,gossip,radiation,Nothing in the known universe travels faster than radiation.,1,0.6361351013183594,492.0108938217163
KAN_RHnonlit_08,2,36,1,nonjoke,A problem drinker is one who never,buys,quits,A problem drinker is one who never quits.,2,0.3682248592376709,500.0129039287567
KAN_RHnonlit_08,2,78,1,nonjoke,My brother-in-law enjoys fixing things around the house so much he spent an hour last night just fixing our,drinks,stove,My brother-in-law enjoys fixing things around the house so much he spent an hour last night just fixing our stove.,1,0.4352569580078125,510.0069589614868
KAN_RHnonlit_08,2,100,1,nonjoke,"I hope this train stops at Grand Central because if it doesn't, there will be a ",crash,delay,"I hope this train stops at Grand Central because if it doesn't, there will be a delay.",1,0.9876499176025391,518.0088589191437
KAN_RHnonlit_08,2,44,1,nonjoke,The only place where you can find people who spend all their time minding their own business is the ,cemetery,bank,The only place where you can find people who spend all their time minding their own business is the bank.,2,0.7867450714111328,526.0108017921448
KAN_RHnonlit_08,2,29,1,joke,My doctor has never violated his oath: the oath he took years ago to become a,millionaire,practitioner,My doctor has never violated his oath: the oath he took years ago to become a millionaire.,2,0.43530797958374023,536.0047719478607
KAN_RHnonlit_08,2,56,1,nonjoke,"When you own an ice cream business, your favorite flavor is",aspirin,everything,"When you own an ice cream business, your favorite flavor is everything.",1,0.569162130355835,548.0077288150787
KAN_RHnonlit_08,2,156,1,nonjoke,The only ones who want me for my body are,mosquitos,losers,The only ones who want me for my body are losers.,1,0.468764066696167,556.0096287727356
KAN_RHnonlit_08,2,53,1,joke,"By the time Mary had her fourteenth child, she'd run out of names to call her ",husband,offspring,"By the time Mary had her fourteenth child, she'd run out of names to call her husband.",2,0.9541809558868408,566.0036659240723
