subj,run,item,list,category,sentence,joke ending,nonjoke ending,displayed,response,RT,question onset
KAN_RHnonlit_01,1,12,1,nonjoke,In some marriages the bride is given away by the ,press,family ,In some marriages the bride is given away by the family .,,,6.009151935577393
KAN_RHnonlit_01,1,35,1,joke,"Now that the Hollywood couple has ironed out the divorce settlement, they can finally go ahead with their",nuptials,careers,"Now that the Hollywood couple has ironed out the divorce settlement, they can finally go ahead with their nuptials.",3,0.3666200637817383,16.008157968521118
KAN_RHnonlit_01,1,99,1,joke,"He's never given a girl a present, but he did give a few a pretty good",reputation,surprise,"He's never given a girl a present, but he did give a few a pretty good reputation.",4,0.7999141216278076,24.007288932800293
KAN_RHnonlit_01,1,145,1,joke,The only person who sticks closer to you in adversity than a friend is a,creditor,spouse,The only person who sticks closer to you in adversity than a friend is a creditor.,,,34.0062780380249
KAN_RHnonlit_01,1,65,1,joke,A good way to blow your mind is to smoke ,gunpowder,heroin,A good way to blow your mind is to smoke gunpowder.,3,0.31650304794311523,44.00539493560791
KAN_RHnonlit_01,1,55,1,joke,His wife sued for divorce and asked for custody of the,cash,cat,His wife sued for divorce and asked for custody of the cash.,1,0.3499488830566406,54.00439214706421
KAN_RHnonlit_01,1,25,1,joke,The only thing money can't buy is,poverty,generosity,The only thing money can't buy is poverty.,,,64.00335311889648
KAN_RHnonlit_01,1,47,1,joke,"Charged with statutory rape, he told the judge he didn't know she was a ",statue,teenager,"Charged with statutory rape, he told the judge he didn't know she was a statue.",3,0.8832030296325684,72.00254511833191
KAN_RHnonlit_01,1,17,1,joke,A committee keeps minutes and takes,hours,votes,A committee keeps minutes and takes hours.,2,0.3832430839538574,94.00037097930908
KAN_RHnonlit_01,1,112,1,nonjoke,The art museum just acquired an early Rembrandt; it's done in ,Crayola,charcoal,The art museum just acquired an early Rembrandt; it's done in charcoal.,1,0.6666731834411621,104.01600098609924
KAN_RHnonlit_01,1,50,1,nonjoke,The only time my father ever raised a hand to his children was in ,self- defense,discipline,The only time my father ever raised a hand to his children was in discipline.,1,0.9498720169067383,114.01504707336426
KAN_RHnonlit_01,1,133,1,joke,He likes to make things around the house; this week it's the,maid,shelves,He likes to make things around the house; this week it's the maid.,2,0.8331689834594727,122.01426315307617
KAN_RHnonlit_01,1,60,1,nonjoke,Another thing a small boy is constantly outgrowing is his,allowance,underwear,Another thing a small boy is constantly outgrowing is his underwear.,2,1.86643385887146,142.01228213310242
KAN_RHnonlit_01,1,14,1,nonjoke,He got a medal for bravery on the beach when he rescued a girl from a ,lifeguard,shipwreck,He got a medal for bravery on the beach when he rescued a girl from a shipwreck.,1,1.1332550048828125,156.0108380317688
KAN_RHnonlit_01,1,2,1,nonjoke,"She went on a fourteen day diet, but she only lost two",weeks,ounces,"She went on a fourteen day diet, but she only lost two ounces.",1,1.6330900192260742,168.00972604751587
KAN_RHnonlit_01,1,155,1,joke,The show had one act that was really offbeat: the,singer,clowns,The show had one act that was really offbeat: the singer.,2,1.5498239994049072,180.00844812393188
KAN_RHnonlit_01,1,136,1,nonjoke,The only fishing through the ice that some men ever do is for the ,olive,trout,The only fishing through the ice that some men ever do is for the trout.,1,1.0665678977966309,190.00749707221985
KAN_RHnonlit_01,1,67,1,joke,The most prevalent form of legalized gambling is,elections,betting,The most prevalent form of legalized gambling is elections.,3,0.9998550415039062,198.0067069530487
KAN_RHnonlit_01,1,4,1,nonjoke,I knew a streetwalker who was so exclusive she had an unlisted telephone,booth,line,I knew a streetwalker who was so exclusive she had an unlisted telephone line.,4,1.4832639694213867,206.0058310031891
KAN_RHnonlit_01,1,19,1,joke,"I decided to start saving for a rainy day, so I went to a savings and loan and deposited my",umbrella,pay,"I decided to start saving for a rainy day, so I went to a savings and loan and deposited my umbrella.",4,0.7165420055389404,218.004714012146
KAN_RHnonlit_01,1,23,1,joke,The curse of heavy drinking is that afterwards you get a huge,bar tab,headache,The curse of heavy drinking is that afterwards you get a huge bar tab.,1,1.283195972442627,232.00330710411072
KAN_RHnonlit_01,1,45,1,joke,"She is so modest, she pulls down the shade to change her", mind,jacket,"She is so modest, she pulls down the shade to change her mind.",4,0.5498058795928955,240.00257515907288
KAN_RHnonlit_01,1,64,1,nonjoke,The best way to stop an elephant from charging is to cut off its,credit,toes,The best way to stop an elephant from charging is to cut off its toes.,2,0.3832740783691406,248.00177097320557
KAN_RHnonlit_01,1,15,1,joke,"When John bought a bulldog, it was no time at all before he had that dog eating out of his",leg,fingers,"When John bought a bulldog, it was no time at all before he had that dog eating out of his leg.",,,256.00088906288147
KAN_RHnonlit_01,1,63,1,joke,"It's hard to raise a family nowadays, especially in the ",morning,country,"It's hard to raise a family nowadays, especially in the morning.",3,0.34986305236816406,276.0156500339508
KAN_RHnonlit_01,1,127,1,joke,The penalty for dishonesty is the disgrace of dying,rich,unloved,The penalty for dishonesty is the disgrace of dying rich.,1,1.49983811378479,284.01479601860046
KAN_RHnonlit_01,1,42,1,nonjoke,The best way to keep the milk from turning sour is to keep it in the,cow,cold,The best way to keep the milk from turning sour is to keep it in the cold.,1,0.3666269779205322,294.0138580799103
KAN_RHnonlit_01,1,90,1,nonjoke,A vacation is the shortest distance between two,paychecks,locations,A vacation is the shortest distance between two locations.,,,316.01162910461426
KAN_RHnonlit_01,1,96,1,nonjoke,"When the kid came into the store and asked for empty boxes, the owner gave him the",register,crate,"When the kid came into the store and asked for empty boxes, the owner gave him the crate.",1,0.416532039642334,328.0104739665985
KAN_RHnonlit_01,1,156,1,nonjoke,The only ones who want me for my body are,mosquitos,losers,The only ones who want me for my body are losers.,1,1.249936819076538,338.00942611694336
KAN_RHnonlit_01,1,34,1,nonjoke,"He asked if I'd join him in a bowl of soup, but I told him we didn't have enough",room,change,"He asked if I'd join him in a bowl of soup, but I told him we didn't have enough change.",,,348.00850105285645
KAN_RHnonlit_01,1,1,1,joke,"When I asked how long he should cook the noodles, I said at least ten",inches,seconds,"When I asked how long he should cook the noodles, I said at least ten inches.",2,1.2165281772613525,360.00725197792053
KAN_RHnonlit_01,1,114,1,nonjoke,It's extraordinary what fine poker hand you get when you're playing,bridge,stud,It's extraordinary what fine poker hand you get when you're playing stud.,2,0.9333229064941406,370.00624203681946
KAN_RHnonlit_01,1,5,1,joke,She read so much about the bad effects of cigarettes she decided to give up the,reading,habit,She read so much about the bad effects of cigarettes she decided to give up the reading.,3,0.34990382194519043,380.005252122879
KAN_RHnonlit_01,1,131,1,joke,"Statistics indicate that Americans spend eighty million a year on games of chance, mostly",weddings, blackjack,"Statistics indicate that Americans spend eighty million a year on games of chance, mostly weddings.",4,0.4999871253967285,392.00404500961304
KAN_RHnonlit_01,1,113,1,joke,Some people's only culture is,bacteria,radio,Some people's only culture is bacteria.,3,0.29988789558410645,400.0033531188965
KAN_RHnonlit_01,1,120,1,nonjoke,Two things are essential for success: wealth and,money,fame,Two things are essential for success: wealth and fame.,2,0.9332609176635742,408.00250911712646
KAN_RHnonlit_01,1,105,1,joke,The book that tells you where you can go on vacation is called a,checkbook,guidebook,The book that tells you where you can go on vacation is called a checkbook.,3,0.5833239555358887,424.000853061676
KAN_RHnonlit_01,1,26,1,nonjoke,"To clothe one soldier, it takes the wool from two sheep and the hides from three",taxpayers,animals,"To clothe one soldier, it takes the wool from two sheep and the hides from three animals.",1,0.7332611083984375,438.0161199569702
KAN_RHnonlit_01,1,48,1,nonjoke,"The new tax forms are more realistic: where your wife signs, it says","""accomplice""","""partner""","The new tax forms are more realistic: where your wife signs, it says ""partner"".",2,1.2831201553344727,450.0150799751282
KAN_RHnonlit_01,1,73,1,joke,One thing that makes the world go round is,detours,greed,One thing that makes the world go round is detours.,3,0.3332860469818115,458.01418900489807
KAN_RHnonlit_01,1,150,1,nonjoke,One way to keep pornography away from teenagers is to put it in a,textbook,cabinet,One way to keep pornography away from teenagers is to put it in a cabinet.,2,0.46662092208862305,466.0133571624756
KAN_RHnonlit_01,1,93,1,joke,"He is probably the best boxer in the country, but he always loses in the ",city,competition,"He is probably the best boxer in the country, but he always loses in the city.",3,0.7832610607147217,474.01257705688477
KAN_RHnonlit_01,1,39,1,joke,The best way to remove coffee stains from a white blouse is with,scissors,detergent,The best way to remove coffee stains from a white blouse is with scissors.,3,0.8665900230407715,484.01162600517273
KAN_RHnonlit_01,1,141,1,joke,The only crop that is grown in America and harvested abroad is the American,tourist,tobacco,The only crop that is grown in America and harvested abroad is the American tourist.,2,1.0831248760223389,492.01088309288025
KAN_RHnonlit_01,1,115,1,joke,"In the game of golf, nothing counts as much as your",opponent,drives,"In the game of golf, nothing counts as much as your opponent.",3,0.466655969619751,504.00959300994873
KAN_RHnonlit_01,1,78,1,nonjoke,My brother-in-law enjoys fixing things around the house so much he spent an hour last night just fixing our,drinks,stove,My brother-in-law enjoys fixing things around the house so much he spent an hour last night just fixing our stove.,1,1.1998860836029053,512.008847951889
KAN_RHnonlit_01,1,61,1,joke,"For great vacation, put the kids in the back seat, and take a ",cruise,freeway,"For great vacation, put the kids in the back seat, and take a cruise.",2,1.2498900890350342,522.0078020095825
KAN_RHnonlit_01,1,83,1,joke,Nothing ages a woman faster than,identification,hardship,Nothing ages a woman faster than identification.,2,1.716413974761963,532.0068919658661
KAN_RHnonlit_01,1,82,1,nonjoke,"When it comes to keeping warm, nothing beats a thermal",brunette,parka,"When it comes to keeping warm, nothing beats a thermal parka.",1,0.38327598571777344,540.0060410499573
KAN_RHnonlit_01,1,89,1,joke,"Some babies are born to rule, while others are",male,weak,"Some babies are born to rule, while others are male.",3,0.3499729633331299,550.00510597229
KAN_RHnonlit_01,1,123,1,joke,Too many girls believe that the chief foundation for true love is a large,stone,fortune,Too many girls believe that the chief foundation for true love is a large stone.,1,0.8665189743041992,560.0041201114655
