subj,run,item,list,category,sentence,joke ending,nonjoke ending,displayed,response,RT,question onset
0.0000,8.000,2,153,1,joke,The husband who catches his wife in the act is probably on the,trapeze,snoop,The husband who catches his wife in the act is probably on the trapeze.,<VisionEgg.WrappedText.WrappedText object at 0x1125818c0>
8.0000,8.000,2,126,1,nonjoke,My husband took the money we were saving to buy a new car and blew it all at the,laundry,tables,My husband took the money we were saving to buy a new car and blew it all at the tables.,<VisionEgg.WrappedText.WrappedText object at 0x112581910>
16.0000,4.000,fix
20.0000,8.000,2,139,1,joke,They redecorated the bar with new,drunks,wood,They redecorated the bar with new drunks.,<VisionEgg.WrappedText.WrappedText object at 0x112581960>
28.0000,4.000,fix
32.0000,8.000,2,137,1,joke,A man who has lost ninety percent of his brain is called a,widower,zombie,A man who has lost ninety percent of his brain is called a widower.,<VisionEgg.WrappedText.WrappedText object at 0x112581a00>
40.0000,8.000,2,146,1,nonjoke,"Love has its benefits, and they are usually called",alimony,memories,"Love has its benefits, and they are usually called memories.",<VisionEgg.WrappedText.WrappedText object at 0x1125819b0>
48.0000,2.000,fix
50.0000,8.000,2,85,1,joke,"Frequent naps prevent old age, especially when taken while",driving,relaxed,"Frequent naps prevent old age, especially when taken while driving.",<VisionEgg.WrappedText.WrappedText object at 0x112581a50>
58.0000,4.000,fix
62.0000,8.000,2,91,1,joke,"If there's one thing that counts in business, its",bookkeepers,resources,"If there's one thing that counts in business, its bookkeepers.",<VisionEgg.WrappedText.WrappedText object at 0x112581af0>
70.0000,8.000,2,107,1,joke,The difference between a good speaker and a bad one is often a nice,nap,diction,The difference between a good speaker and a bad one is often a nice nap.,<VisionEgg.WrappedText.WrappedText object at 0x112581aa0>
78.0000,8.000,2,104,1,nonjoke,Politicians who are as American as apple pie still want their,slice,rewards,Politicians who are as American as apple pie still want their rewards.,<VisionEgg.WrappedText.WrappedText object at 0x112581b40>
86.0000,2.000,fix
88.0000,8.000,2,114,1,nonjoke,It's extraordinary what fine poker hand you get when you're playing,bridge,stud,It's extraordinary what fine poker hand you get when you're playing stud.,<VisionEgg.WrappedText.WrappedText object at 0x112581b90>
96.0000,8.000,2,33,1,joke,Some people think courtship is the first in a series of steps leading to ,divorce,romance,Some people think courtship is the first in a series of steps leading to divorce.,<VisionEgg.WrappedText.WrappedText object at 0x112581be0>
104.0000,2.000,fix
106.0000,8.000,2,12,1,nonjoke,In some marriages the bride is given away by the ,press,family ,In some marriages the bride is given away by the family .,<VisionEgg.WrappedText.WrappedText object at 0x112581c80>
114.0000,8.000,2,20,1,nonjoke,"He told me he just bought a set of balloon tires, and I told him I didn't even know he owned a",balloon,truck,"He told me he just bought a set of balloon tires, and I told him I didn't even know he owned a truck.",<VisionEgg.WrappedText.WrappedText object at 0x112581c30>
122.0000,8.000,2,23,1,joke,The curse of heavy drinking is that afterwards you get a huge,bar tab,headache,The curse of heavy drinking is that afterwards you get a huge bar tab.,<VisionEgg.WrappedText.WrappedText object at 0x112581cd0>
130.0000,8.000,2,64,1,nonjoke,The best way to stop an elephant from charging is to cut off its,credit,toes,The best way to stop an elephant from charging is to cut off its toes.,<VisionEgg.WrappedText.WrappedText object at 0x112581d20>
138.0000,8.000,2,45,1,joke,"She is so modest, she pulls down the shade to change her", mind,jacket,"She is so modest, she pulls down the shade to change her mind.",<VisionEgg.WrappedText.WrappedText object at 0x112581d70>
146.0000,2.000,fix
148.0000,8.000,2,63,1,joke,"It's hard to raise a family nowadays, especially in the ",morning,country,"It's hard to raise a family nowadays, especially in the morning.",<VisionEgg.WrappedText.WrappedText object at 0x112581dc0>
156.0000,6.000,fix
162.0000,8.000,2,151,1,joke,One good turn gets most of the,blanket,profit,One good turn gets most of the blanket.,<VisionEgg.WrappedText.WrappedText object at 0x112581e10>
170.0000,8.000,2,87,1,joke,"It's always nicer to give than to receive, especially when its your",opinion,parents,"It's always nicer to give than to receive, especially when its your opinion.",<VisionEgg.WrappedText.WrappedText object at 0x112581eb0>
178.0000,8.000,2,14,1,nonjoke,He got a medal for bravery on the beach when he rescued a girl from a ,lifeguard,shipwreck,He got a medal for bravery on the beach when he rescued a girl from a shipwreck.,<VisionEgg.WrappedText.WrappedText object at 0x112581e60>
186.0000,8.000,2,76,1,nonjoke,"Parents support clubs for teenagers, especially when they lack other forms of",punishment,diversion,"Parents support clubs for teenagers, especially when they lack other forms of diversion.",<VisionEgg.WrappedText.WrappedText object at 0x112581f50>
194.0000,8.000,2,37,1,joke,"The cops claimed that the prisoner just decided to come clean, but most people think he was forced into the",bathtub,admission,"The cops claimed that the prisoner just decided to come clean, but most people think he was forced into the bathtub.",<VisionEgg.WrappedText.WrappedText object at 0x112581f00>
202.0000,8.000,fix
210.0000,8.000,2,36,1,nonjoke,A problem drinker is one who never,buys,quits,A problem drinker is one who never quits.,<VisionEgg.WrappedText.WrappedText object at 0x112581fa0>
218.0000,8.000,2,11,1,joke,"He owns stock in a company that pays quarterly dividends, so every three months they send him a",quarter,statement,"He owns stock in a company that pays quarterly dividends, so every three months they send him a quarter.",<VisionEgg.WrappedText.WrappedText object at 0x11261a0a0>
226.0000,2.000,fix
228.0000,8.000,2,128,1,nonjoke,"Figures don't lie, except on the",beaches,page,"Figures don't lie, except on the page.",<VisionEgg.WrappedText.WrappedText object at 0x11261a050>
236.0000,12.000,fix
248.0000,8.000,2,154,1,nonjoke,"This new computer works so quickly, it comes complete with",ulcers,games,"This new computer works so quickly, it comes complete with games.",<VisionEgg.WrappedText.WrappedText object at 0x11261a140>
256.0000,2.000,fix
258.0000,8.000,2,13,1,joke,A device for finding furniture in the dark is a ,shin,candle,A device for finding furniture in the dark is a shin.,<VisionEgg.WrappedText.WrappedText object at 0x11261a0f0>
266.0000,8.000,fix
274.0000,8.000,2,70,1,nonjoke,The best gift for the man who has everything is,penicillin,neckties,The best gift for the man who has everything is neckties.,<VisionEgg.WrappedText.WrappedText object at 0x11261a190>
282.0000,20.000,fix
302.0000,8.000,2,147,1,joke,"When we got divorced, my wife and I split the house; she got the",inside,kitchen,"When we got divorced, my wife and I split the house; she got the inside.",<VisionEgg.WrappedText.WrappedText object at 0x11261a1e0>
310.0000,2.000,fix
312.0000,8.000,2,117,1,joke,"All roads lead to Rome, and all detours lead to",profanity,somewhere,"All roads lead to Rome, and all detours lead to profanity.",<VisionEgg.WrappedText.WrappedText object at 0x11261a230>
320.0000,8.000,2,59,1,joke,"Women don't dress to please men; if they did, they'd dress a lot",faster,scantier,"Women don't dress to please men; if they did, they'd dress a lot faster.",<VisionEgg.WrappedText.WrappedText object at 0x11261a280>
328.0000,4.000,fix
332.0000,8.000,2,24,1,nonjoke,"Where I'm from, the two most common elements are hydrogen and ",stupidity,nitrogen,"Where I'm from, the two most common elements are hydrogen and nitrogen.",<VisionEgg.WrappedText.WrappedText object at 0x11261a2d0>
340.0000,2.000,fix
342.0000,8.000,2,127,1,joke,The penalty for dishonesty is the disgrace of dying,rich,unloved,The penalty for dishonesty is the disgrace of dying rich.,<VisionEgg.WrappedText.WrappedText object at 0x11261a320>
350.0000,8.000,2,78,1,nonjoke,My brother-in-law enjoys fixing things around the house so much he spent an hour last night just fixing our,drinks,stove,My brother-in-law enjoys fixing things around the house so much he spent an hour last night just fixing our stove.,<VisionEgg.WrappedText.WrappedText object at 0x11261a370>
358.0000,2.000,fix
360.0000,8.000,2,67,1,joke,The most prevalent form of legalized gambling is,elections,betting,The most prevalent form of legalized gambling is elections.,<VisionEgg.WrappedText.WrappedText object at 0x11261a3c0>
368.0000,8.000,fix
376.0000,8.000,2,1,1,joke,"When I asked how long he should cook the noodles, I said at least ten",inches,seconds,"When I asked how long he should cook the noodles, I said at least ten inches.",<VisionEgg.WrappedText.WrappedText object at 0x11261a410>
384.0000,12.000,fix
396.0000,8.000,2,90,1,nonjoke,A vacation is the shortest distance between two,paychecks,locations,A vacation is the shortest distance between two locations.,<VisionEgg.WrappedText.WrappedText object at 0x11261a460>
404.0000,20.000,fix
424.0000,8.000,2,98,1,nonjoke,"Nature has three ways of thinning the herd: drought, famine, and ",primaries,hunting,"Nature has three ways of thinning the herd: drought, famine, and hunting.",<VisionEgg.WrappedText.WrappedText object at 0x11261a4b0>
432.0000,8.000,2,4,1,nonjoke,I knew a streetwalker who was so exclusive she had an unlisted telephone,booth,line,I knew a streetwalker who was so exclusive she had an unlisted telephone line.,<VisionEgg.WrappedText.WrappedText object at 0x11261a500>
440.0000,8.000,2,97,1,joke,"When I found out how much my wife spent on dresses last year, I dumped her and proposed to the",dressmaker,mistress,"When I found out how much my wife spent on dresses last year, I dumped her and proposed to the dressmaker.",<VisionEgg.WrappedText.WrappedText object at 0x11261a550>
448.0000,2.000,fix
450.0000,8.000,2,109,1,joke,Many a freshman helps the college of his choice by becoming a ,dropout,member,Many a freshman helps the college of his choice by becoming a dropout.,<VisionEgg.WrappedText.WrappedText object at 0x11261a5a0>
458.0000,4.000,fix
462.0000,8.000,2,3,1,joke,A thoughtful wife has pork chops ready when her husband comes home from,fishing,working,A thoughtful wife has pork chops ready when her husband comes home from fishing.,<VisionEgg.WrappedText.WrappedText object at 0x11261a5f0>
470.0000,2.000,fix
472.0000,8.000,2,2,1,nonjoke,"She went on a fourteen day diet, but she only lost two",weeks,ounces,"She went on a fourteen day diet, but she only lost two ounces.",<VisionEgg.WrappedText.WrappedText object at 0x11261a640>
480.0000,6.000,fix
486.0000,8.000,2,32,1,nonjoke,"Though most people think it's Rome, the world's most beloved capital is actually",dollars,Vienna,"Though most people think it's Rome, the world's most beloved capital is actually Vienna.",<VisionEgg.WrappedText.WrappedText object at 0x11261a690>
494.0000,8.000,2,112,1,nonjoke,The art museum just acquired an early Rembrandt; it's done in ,Crayola,charcoal,The art museum just acquired an early Rembrandt; it's done in charcoal.,<VisionEgg.WrappedText.WrappedText object at 0x11261a6e0>
502.0000,2.000,fix
504.0000,8.000,2,58,1,nonjoke,The woman who has her husband eating out of her hand must save a lot of,dishwashing,heartbreak,The woman who has her husband eating out of her hand must save a lot of heartbreak.,<VisionEgg.WrappedText.WrappedText object at 0x11261a730>
512.0000,8.000,2,74,1,nonjoke,He's planning an extended vacation; he hopes to spend three weeks on his,couch,sailboat,He's planning an extended vacation; he hopes to spend three weeks on his sailboat.,<VisionEgg.WrappedText.WrappedText object at 0x11261a7d0>
520.0000,8.000,2,142,1,nonjoke,She's happy because she finally has a boyfriend who gets along with her,fianc_,father,She's happy because she finally has a boyfriend who gets along with her father.,<VisionEgg.WrappedText.WrappedText object at 0x11261a780>
528.0000,2.000,fix
530.0000,8.000,2,5,1,joke,She read so much about the bad effects of cigarettes she decided to give up the,reading,habit,She read so much about the bad effects of cigarettes she decided to give up the reading.,<VisionEgg.WrappedText.WrappedText object at 0x11261a820>
538.0000,4.000,fix
542.0000,8.000,2,144,1,nonjoke,The difference between a dog and fox is about five,beers,degrees,The difference between a dog and fox is about five degrees.,<VisionEgg.WrappedText.WrappedText object at 0x11261a870>
550.0000,8.000,2,140,1,nonjoke,You can keep your kids in hot water with ,dishes,rules,You can keep your kids in hot water with rules.,<VisionEgg.WrappedText.WrappedText object at 0x11261a8c0>
558.0000,2.000,fix
560.0000,8.000,2,55,1,joke,His wife sued for divorce and asked for custody of the,cash,cat,His wife sued for divorce and asked for custody of the cash.,<VisionEgg.WrappedText.WrappedText object at 0x11261a910>
568.0000,2.000,fix
KAN_RHnonlit_06,2,153,1,joke,The husband who catches his wife in the act is probably on the,trapeze,snoop,The husband who catches his wife in the act is probably on the trapeze.,1,0.7700588703155518,6.0005340576171875
KAN_RHnonlit_06,2,126,1,nonjoke,My husband took the money we were saving to buy a new car and blew it all at the,laundry,tables,My husband took the money we were saving to buy a new car and blew it all at the tables.,1,0.43526196479797363,14.002445936203003
KAN_RHnonlit_06,2,139,1,joke,They redecorated the bar with new,drunks,wood,They redecorated the bar with new drunks.,2,0.736555814743042,26.00531506538391
KAN_RHnonlit_06,2,137,1,joke,A man who has lost ninety percent of his brain is called a,widower,zombie,A man who has lost ninety percent of his brain is called a widower.,2,0.6863019466400146,38.0082221031189
KAN_RHnonlit_06,2,146,1,nonjoke,"Love has its benefits, and they are usually called",alimony,memories,"Love has its benefits, and they are usually called memories.",1,0.8370890617370605,46.010108947753906
KAN_RHnonlit_06,2,85,1,joke,"Frequent naps prevent old age, especially when taken while",driving,relaxed,"Frequent naps prevent old age, especially when taken while driving.",2,1.8079869747161865,56.00412702560425
KAN_RHnonlit_06,2,91,1,joke,"If there's one thing that counts in business, its",bookkeepers,resources,"If there's one thing that counts in business, its bookkeepers.",2,0.8537390232086182,68.00714206695557
KAN_RHnonlit_06,2,107,1,joke,The difference between a good speaker and a bad one is often a nice,nap,diction,The difference between a good speaker and a bad one is often a nice nap.,2,0.468703031539917,76.0090069770813
KAN_RHnonlit_06,2,104,1,nonjoke,Politicians who are as American as apple pie still want their,slice,rewards,Politicians who are as American as apple pie still want their rewards.,1,0.7198190689086914,84.01093292236328
KAN_RHnonlit_06,2,114,1,nonjoke,It's extraordinary what fine poker hand you get when you're playing,bridge,stud,It's extraordinary what fine poker hand you get when you're playing stud.,1,0.9207029342651367,94.00501203536987
KAN_RHnonlit_06,2,33,1,joke,Some people think courtship is the first in a series of steps leading to ,divorce,romance,Some people think courtship is the first in a series of steps leading to divorce.,1,0.43526792526245117,102.00688099861145
KAN_RHnonlit_06,2,12,1,nonjoke,In some marriages the bride is given away by the ,press,family ,In some marriages the bride is given away by the family .,1,0.8871409893035889,112.00099992752075
KAN_RHnonlit_06,2,20,1,nonjoke,"He told me he just bought a set of balloon tires, and I told him I didn't even know he owned a",balloon,truck,"He told me he just bought a set of balloon tires, and I told him I didn't even know he owned a truck.",1,1.1216890811920166,120.00285291671753
KAN_RHnonlit_06,2,23,1,joke,The curse of heavy drinking is that afterwards you get a huge,bar tab,headache,The curse of heavy drinking is that afterwards you get a huge bar tab.,2,0.8369839191436768,128.00480604171753
KAN_RHnonlit_06,2,64,1,nonjoke,The best way to stop an elephant from charging is to cut off its,credit,toes,The best way to stop an elephant from charging is to cut off its toes.,1,0.3348538875579834,136.00674200057983
KAN_RHnonlit_06,2,45,1,joke,"She is so modest, she pulls down the shade to change her", mind,jacket,"She is so modest, she pulls down the shade to change her mind.",2,1.021104097366333,144.00872492790222
KAN_RHnonlit_06,2,63,1,joke,"It's hard to raise a family nowadays, especially in the ",morning,country,"It's hard to raise a family nowadays, especially in the morning.",2,0.5357170104980469,154.00272703170776
KAN_RHnonlit_06,2,151,1,joke,One good turn gets most of the,blanket,profit,One good turn gets most of the blanket.,3,0.43523192405700684,168.0144989490509
KAN_RHnonlit_06,2,87,1,joke,"It's always nicer to give than to receive, especially when its your",opinion,parents,"It's always nicer to give than to receive, especially when its your opinion.",2,1.0882010459899902,176.0163779258728
KAN_RHnonlit_06,2,14,1,nonjoke,He got a medal for bravery on the beach when he rescued a girl from a ,lifeguard,shipwreck,He got a medal for bravery on the beach when he rescued a girl from a shipwreck.,1,0.6193780899047852,184.00164198875427
KAN_RHnonlit_06,2,76,1,nonjoke,"Parents support clubs for teenagers, especially when they lack other forms of",punishment,diversion,"Parents support clubs for teenagers, especially when they lack other forms of diversion.",1,0.9541668891906738,192.00355410575867
KAN_RHnonlit_06,2,37,1,joke,"The cops claimed that the prisoner just decided to come clean, but most people think he was forced into the",bathtub,admission,"The cops claimed that the prisoner just decided to come clean, but most people think he was forced into the bathtub.",2,1.1550521850585938,200.00546288490295
KAN_RHnonlit_06,2,36,1,nonjoke,A problem drinker is one who never,buys,quits,A problem drinker is one who never quits.,1,0.9373900890350342,216.0093638896942
KAN_RHnonlit_06,2,11,1,joke,"He owns stock in a company that pays quarterly dividends, so every three months they send him a",quarter,statement,"He owns stock in a company that pays quarterly dividends, so every three months they send him a quarter.",1,1.8916621208190918,224.01127791404724
KAN_RHnonlit_06,2,128,1,nonjoke,"Figures don't lie, except on the",beaches,page,"Figures don't lie, except on the page.",2,0.9207189083099365,234.00528502464294
KAN_RHnonlit_06,2,154,1,nonjoke,"This new computer works so quickly, it comes complete with",ulcers,games,"This new computer works so quickly, it comes complete with games.",2,0.870527982711792,254.01006603240967
KAN_RHnonlit_06,2,13,1,joke,A device for finding furniture in the dark is a ,shin,candle,A device for finding furniture in the dark is a shin.,2,0.7533419132232666,264.0041320323944
KAN_RHnonlit_06,2,70,1,nonjoke,The best gift for the man who has everything is,penicillin,neckties,The best gift for the man who has everything is neckties.,1,0.45201683044433594,280.00801706314087
KAN_RHnonlit_06,2,147,1,joke,"When we got divorced, my wife and I split the house; she got the",inside,kitchen,"When we got divorced, my wife and I split the house; she got the inside.",2,0.7030348777770996,308.01481199264526
KAN_RHnonlit_06,2,117,1,joke,"All roads lead to Rome, and all detours lead to",profanity,somewhere,"All roads lead to Rome, and all detours lead to profanity.",1,0.8035869598388672,318.0087659358978
KAN_RHnonlit_06,2,59,1,joke,"Women don't dress to please men; if they did, they'd dress a lot",faster,scantier,"Women don't dress to please men; if they did, they'd dress a lot faster.",2,0.5524239540100098,326.01078701019287
KAN_RHnonlit_06,2,24,1,nonjoke,"Where I'm from, the two most common elements are hydrogen and ",stupidity,nitrogen,"Where I'm from, the two most common elements are hydrogen and nitrogen.",1,0.6862821578979492,338.0137069225311
KAN_RHnonlit_06,2,127,1,joke,The penalty for dishonesty is the disgrace of dying,rich,unloved,The penalty for dishonesty is the disgrace of dying rich.,1,0.9876980781555176,348.007709980011
KAN_RHnonlit_06,2,78,1,nonjoke,My brother-in-law enjoys fixing things around the house so much he spent an hour last night just fixing our,drinks,stove,My brother-in-law enjoys fixing things around the house so much he spent an hour last night just fixing our stove.,1,0.8871750831604004,356.00969099998474
KAN_RHnonlit_06,2,67,1,joke,The most prevalent form of legalized gambling is,elections,betting,The most prevalent form of legalized gambling is elections.,2,0.41853904724121094,366.0036129951477
KAN_RHnonlit_06,2,1,1,joke,"When I asked how long he should cook the noodles, I said at least ten",inches,seconds,"When I asked how long he should cook the noodles, I said at least ten inches.",2,0.9208168983459473,382.0074779987335
KAN_RHnonlit_06,2,90,1,nonjoke,A vacation is the shortest distance between two,paychecks,locations,A vacation is the shortest distance between two locations.,1,0.8203079700469971,402.0124180316925
KAN_RHnonlit_06,2,98,1,nonjoke,"Nature has three ways of thinning the herd: drought, famine, and ",primaries,hunting,"Nature has three ways of thinning the herd: drought, famine, and hunting.",1,0.6695699691772461,430.0023739337921
KAN_RHnonlit_06,2,4,1,nonjoke,I knew a streetwalker who was so exclusive she had an unlisted telephone,booth,line,I knew a streetwalker who was so exclusive she had an unlisted telephone line.,1,1.32243013381958,438.00431394577026
KAN_RHnonlit_06,2,97,1,joke,"When I found out how much my wife spent on dresses last year, I dumped her and proposed to the",dressmaker,mistress,"When I found out how much my wife spent on dresses last year, I dumped her and proposed to the dressmaker.",2,1.2053489685058594,446.0062050819397
KAN_RHnonlit_06,2,109,1,joke,Many a freshman helps the college of his choice by becoming a ,dropout,member,Many a freshman helps the college of his choice by becoming a dropout.,1,1.0546700954437256,456.0002999305725
KAN_RHnonlit_06,2,3,1,joke,A thoughtful wife has pork chops ready when her husband comes home from,fishing,working,A thoughtful wife has pork chops ready when her husband comes home from fishing.,1,0.6697089672088623,468.00312304496765
KAN_RHnonlit_06,2,2,1,nonjoke,"She went on a fourteen day diet, but she only lost two",weeks,ounces,"She went on a fourteen day diet, but she only lost two ounces.",1,0.7700049877166748,478.01399207115173
KAN_RHnonlit_06,2,32,1,nonjoke,"Though most people think it's Rome, the world's most beloved capital is actually",dollars,Vienna,"Though most people think it's Rome, the world's most beloved capital is actually Vienna.",1,1.1216578483581543,492.0089440345764
KAN_RHnonlit_06,2,112,1,nonjoke,The art museum just acquired an early Rembrandt; it's done in ,Crayola,charcoal,The art museum just acquired an early Rembrandt; it's done in charcoal.,1,1.0546729564666748,500.0108370780945
KAN_RHnonlit_06,2,58,1,nonjoke,The woman who has her husband eating out of her hand must save a lot of,dishwashing,heartbreak,The woman who has her husband eating out of her hand must save a lot of heartbreak.,1,0.920712947845459,510.00490403175354
KAN_RHnonlit_06,2,74,1,nonjoke,He's planning an extended vacation; he hopes to spend three weeks on his,couch,sailboat,He's planning an extended vacation; he hopes to spend three weeks on his sailboat.,1,0.7533149719238281,518.0068950653076
KAN_RHnonlit_06,2,142,1,nonjoke,She's happy because she finally has a boyfriend who gets along with her,fianc_,father,She's happy because she finally has a boyfriend who gets along with her father.,1,0.7031290531158447,526.0088179111481
KAN_RHnonlit_06,2,5,1,joke,She read so much about the bad effects of cigarettes she decided to give up the,reading,habit,She read so much about the bad effects of cigarettes she decided to give up the reading.,2,0.3683309555053711,536.0028550624847
KAN_RHnonlit_06,2,144,1,nonjoke,The difference between a dog and fox is about five,beers,degrees,The difference between a dog and fox is about five degrees.,1,1.724289894104004,548.0057270526886
KAN_RHnonlit_06,2,140,1,nonjoke,You can keep your kids in hot water with ,dishes,rules,You can keep your kids in hot water with rules.,1,0.7030441761016846,556.0076959133148
KAN_RHnonlit_06,2,55,1,joke,His wife sued for divorce and asked for custody of the,cash,cat,His wife sued for divorce and asked for custody of the cash.,1,0.6027112007141113,566.0016849040985
