subj,run,item,list,category,sentence,joke ending,nonjoke ending,displayed,response,RT,question onset
0.0000,8.000,2,32,2,joke,"Though most people think it's Rome, the world's most beloved capital is actually",dollars,Vienna,"Though most people think it's Rome, the world's most beloved capital is actually dollars.",<VisionEgg.WrappedText.WrappedText object at 0x110a4f960>
8.0000,8.000,2,125,2,nonjoke,I know one couple who got divorced and had to leave the house to the,attorney,daughter,I know one couple who got divorced and had to leave the house to the daughter.,<VisionEgg.WrappedText.WrappedText object at 0x110a4f9b0>
16.0000,4.000,fix
20.0000,8.000,2,34,2,joke,"He asked if I'd join him in a bowl of soup, but I told him we didn't have enough",room,change,"He asked if I'd join him in a bowl of soup, but I told him we didn't have enough room.",<VisionEgg.WrappedText.WrappedText object at 0x110a4fa50>
28.0000,4.000,fix
32.0000,8.000,2,82,2,joke,"When it comes to keeping warm, nothing beats a thermal",brunette,parka,"When it comes to keeping warm, nothing beats a thermal brunette.",<VisionEgg.WrappedText.WrappedText object at 0x110a4faa0>
40.0000,8.000,2,3,2,nonjoke,A thoughtful wife has pork chops ready when her husband comes home from,fishing,working,A thoughtful wife has pork chops ready when her husband comes home from working.,<VisionEgg.WrappedText.WrappedText object at 0x110a4fa00>
48.0000,2.000,fix
50.0000,8.000,2,104,2,joke,Politicians who are as American as apple pie still want their,slice,rewards,Politicians who are as American as apple pie still want their slice.,<VisionEgg.WrappedText.WrappedText object at 0x110a4faf0>
58.0000,4.000,fix
62.0000,8.000,2,152,2,joke,"Many things run in families, especially",noses,strength,"Many things run in families, especially noses.",<VisionEgg.WrappedText.WrappedText object at 0x110a4fb40>
70.0000,8.000,2,42,2,joke,The best way to keep the milk from turning sour is to keep it in the,cow,cold,The best way to keep the milk from turning sour is to keep it in the cow.,<VisionEgg.WrappedText.WrappedText object at 0x110a4fb90>
78.0000,8.000,2,55,2,nonjoke,His wife sued for divorce and asked for custody of the,cash,cat,His wife sued for divorce and asked for custody of the cat.,<VisionEgg.WrappedText.WrappedText object at 0x110a4fbe0>
86.0000,2.000,fix
88.0000,8.000,2,77,2,nonjoke,He is at the age when all the numbers in his little black book belong to,doctors,friends,He is at the age when all the numbers in his little black book belong to friends.,<VisionEgg.WrappedText.WrappedText object at 0x110a4fc30>
96.0000,8.000,2,60,2,joke,Another thing a small boy is constantly outgrowing is his,allowance,underwear,Another thing a small boy is constantly outgrowing is his allowance.,<VisionEgg.WrappedText.WrappedText object at 0x110a4fcd0>
104.0000,2.000,fix
106.0000,8.000,2,41,2,nonjoke,His doctor recommended he stay flat on his back ever since he was hit by a ,steamroller,motorist,His doctor recommended he stay flat on his back ever since he was hit by a motorist.,<VisionEgg.WrappedText.WrappedText object at 0x110a4fc80>
114.0000,8.000,2,49,2,nonjoke,One person who sure makes a long story short is my,editor,aunt,One person who sure makes a long story short is my aunt.,<VisionEgg.WrappedText.WrappedText object at 0x110a4fd70>
122.0000,8.000,2,134,2,joke,My church welcomes all denominations but prefers,twenties,Mormons,My church welcomes all denominations but prefers twenties.,<VisionEgg.WrappedText.WrappedText object at 0x110a4fd20>
130.0000,8.000,2,61,2,nonjoke,"For great vacation, put the kids in the back seat, and take a ",cruise,freeway,"For great vacation, put the kids in the back seat, and take a freeway.",<VisionEgg.WrappedText.WrappedText object at 0x110a4fdc0>
138.0000,8.000,2,124,2,joke,"I've got Parkinson's disease, and he's got", mine,gout,"I've got Parkinson's disease, and he's got mine.",<VisionEgg.WrappedText.WrappedText object at 0x110a4fe10>
146.0000,2.000,fix
148.0000,8.000,2,4,2,joke,I knew a streetwalker who was so exclusive she had an unlisted telephone,booth,line,I knew a streetwalker who was so exclusive she had an unlisted telephone booth.,<VisionEgg.WrappedText.WrappedText object at 0x110a4fe60>
156.0000,6.000,fix
162.0000,8.000,2,66,2,joke,One good way to invest in the country is to buy a ,senator,business,One good way to invest in the country is to buy a senator.,<VisionEgg.WrappedText.WrappedText object at 0x110a4feb0>
170.0000,8.000,2,22,2,joke,Our son brought home a note from school saying they need a written excuse for his,presence,tardiness,Our son brought home a note from school saying they need a written excuse for his presence.,<VisionEgg.WrappedText.WrappedText object at 0x110a4ff00>
178.0000,8.000,2,87,2,nonjoke,"It's always nicer to give than to receive, especially when its your",opinion,parents,"It's always nicer to give than to receive, especially when its your parents.",<VisionEgg.WrappedText.WrappedText object at 0x110a4ff50>
186.0000,8.000,2,141,2,nonjoke,The only crop that is grown in America and harvested abroad is the American,tourist,tobacco,The only crop that is grown in America and harvested abroad is the American tobacco.,<VisionEgg.WrappedText.WrappedText object at 0x110a4ffa0>
194.0000,8.000,2,54,2,joke,The tourist bureau told the visitors there was plenty of hunting in this part of the country but very little,finding,sightseeing,The tourist bureau told the visitors there was plenty of hunting in this part of the country but very little finding.,<VisionEgg.WrappedText.WrappedText object at 0x1143b5050>
202.0000,8.000,fix
210.0000,8.000,2,107,2,nonjoke,The difference between a good speaker and a bad one is often a nice,nap,diction,The difference between a good speaker and a bad one is often a nice diction.,<VisionEgg.WrappedText.WrappedText object at 0x1143b50a0>
218.0000,8.000,2,70,2,joke,The best gift for the man who has everything is,penicillin,neckties,The best gift for the man who has everything is penicillin.,<VisionEgg.WrappedText.WrappedText object at 0x1143b5140>
226.0000,2.000,fix
228.0000,8.000,2,53,2,nonjoke,"By the time Mary had her fourteenth child, she'd run out of names to call her ",husband,offspring,"By the time Mary had her fourteenth child, she'd run out of names to call her offspring.",<VisionEgg.WrappedText.WrappedText object at 0x1143b50f0>
236.0000,12.000,fix
248.0000,8.000,2,81,2,nonjoke,Another thing that has developed by leaps and bounds is modern,dance,science,Another thing that has developed by leaps and bounds is modern science.,<VisionEgg.WrappedText.WrappedText object at 0x1143b5190>
256.0000,2.000,fix
258.0000,8.000,2,58,2,joke,The woman who has her husband eating out of her hand must save a lot of,dishwashing,heartbreak,The woman who has her husband eating out of her hand must save a lot of dishwashing.,<VisionEgg.WrappedText.WrappedText object at 0x1143b51e0>
266.0000,8.000,fix
274.0000,8.000,2,67,2,nonjoke,The most prevalent form of legalized gambling is,elections,betting,The most prevalent form of legalized gambling is betting.,<VisionEgg.WrappedText.WrappedText object at 0x1143b5230>
282.0000,20.000,fix
302.0000,8.000,2,110,2,joke,It's not hard to meet expenses; they're ,everywhere,affordable,It's not hard to meet expenses; they're everywhere.,<VisionEgg.WrappedText.WrappedText object at 0x1143b5280>
310.0000,2.000,fix
312.0000,8.000,2,142,2,joke,She's happy because she finally has a boyfriend who gets along with her,fianc_,father,She's happy because she finally has a boyfriend who gets along with her fianc_.,<VisionEgg.WrappedText.WrappedText object at 0x1143b52d0>
320.0000,8.000,2,144,2,joke,The difference between a dog and fox is about five,beers,degrees,The difference between a dog and fox is about five beers.,<VisionEgg.WrappedText.WrappedText object at 0x1143b5320>
328.0000,4.000,fix
332.0000,8.000,2,19,2,nonjoke,"I decided to start saving for a rainy day, so I went to a savings and loan and deposited my",umbrella,pay,"I decided to start saving for a rainy day, so I went to a savings and loan and deposited my pay.",<VisionEgg.WrappedText.WrappedText object at 0x1143b5370>
340.0000,2.000,fix
342.0000,8.000,2,94,2,joke,"To get something done, a committee should consist of no more than three people, two of whom are",dead,workers,"To get something done, a committee should consist of no more than three people, two of whom are dead.",<VisionEgg.WrappedText.WrappedText object at 0x1143b53c0>
350.0000,8.000,2,39,2,nonjoke,The best way to remove coffee stains from a white blouse is with,scissors,detergent,The best way to remove coffee stains from a white blouse is with detergent.,<VisionEgg.WrappedText.WrappedText object at 0x1143b5410>
358.0000,2.000,fix
360.0000,8.000,2,102,2,joke,We live in a lovely suburb; it's just two miles beyond our,income,town,We live in a lovely suburb; it's just two miles beyond our income.,<VisionEgg.WrappedText.WrappedText object at 0x1143b54b0>
368.0000,8.000,fix
376.0000,8.000,2,132,2,joke,The last time a guy in a mask took all my money I was in,surgery,shock,The last time a guy in a mask took all my money I was in surgery.,<VisionEgg.WrappedText.WrappedText object at 0x1143b5460>
384.0000,12.000,fix
396.0000,8.000,2,143,2,nonjoke,Most of the people running for office are not politicians; they're,commuters,candidates,Most of the people running for office are not politicians; they're candidates.,<VisionEgg.WrappedText.WrappedText object at 0x1143b5500>
404.0000,20.000,fix
424.0000,8.000,2,47,2,nonjoke,"Charged with statutory rape, he told the judge he didn't know she was a ",statue,teenager,"Charged with statutory rape, he told the judge he didn't know she was a teenager.",<VisionEgg.WrappedText.WrappedText object at 0x1143b5550>
432.0000,8.000,2,25,2,nonjoke,The only thing money can't buy is,poverty,generosity,The only thing money can't buy is generosity.,<VisionEgg.WrappedText.WrappedText object at 0x1143b55f0>
440.0000,8.000,2,108,2,joke,Everyone had so much fun diving from the tree into the swimming pool we decided to put in a little,water,platform,Everyone had so much fun diving from the tree into the swimming pool we decided to put in a little water.,<VisionEgg.WrappedText.WrappedText object at 0x1143b55a0>
448.0000,2.000,fix
450.0000,8.000,2,128,2,joke,"Figures don't lie, except on the",beaches,page,"Figures don't lie, except on the beaches.",<VisionEgg.WrappedText.WrappedText object at 0x1143b5640>
458.0000,4.000,fix
462.0000,8.000,2,6,2,joke,Sunday is the day we bow our heads and,putt,rest,Sunday is the day we bow our heads and putt.,<VisionEgg.WrappedText.WrappedText object at 0x1143b56e0>
470.0000,2.000,fix
472.0000,8.000,2,117,2,nonjoke,"All roads lead to Rome, and all detours lead to",profanity,somewhere,"All roads lead to Rome, and all detours lead to somewhere.",<VisionEgg.WrappedText.WrappedText object at 0x1143b5690>
480.0000,6.000,fix
486.0000,8.000,2,33,2,nonjoke,Some people think courtship is the first in a series of steps leading to ,divorce,romance,Some people think courtship is the first in a series of steps leading to romance.,<VisionEgg.WrappedText.WrappedText object at 0x1143b5730>
494.0000,8.000,2,5,2,nonjoke,She read so much about the bad effects of cigarettes she decided to give up the,reading,habit,She read so much about the bad effects of cigarettes she decided to give up the habit.,<VisionEgg.WrappedText.WrappedText object at 0x1143b57d0>
502.0000,2.000,fix
504.0000,8.000,2,121,2,nonjoke,"Diamonds are produced by great pressure, usually provided by a ",girlfriend,piston,"Diamonds are produced by great pressure, usually provided by a piston.",<VisionEgg.WrappedText.WrappedText object at 0x1143b5780>
512.0000,8.000,2,7,2,nonjoke,A replacement player hit a home run with my,girl,ball,A replacement player hit a home run with my ball.,<VisionEgg.WrappedText.WrappedText object at 0x1143b5820>
520.0000,8.000,2,69,2,nonjoke,"When an irresistible force meets an immovable object, you get two very angry",women,entities,"When an irresistible force meets an immovable object, you get two very angry entities.",<VisionEgg.WrappedText.WrappedText object at 0x1143b5870>
528.0000,2.000,fix
530.0000,8.000,2,88,2,joke,The wind was so strong it blew out three,fuses,streetlights,The wind was so strong it blew out three fuses.,<VisionEgg.WrappedText.WrappedText object at 0x1143b58c0>
538.0000,4.000,fix
542.0000,8.000,2,13,2,nonjoke,A device for finding furniture in the dark is a ,shin,candle,A device for finding furniture in the dark is a candle.,<VisionEgg.WrappedText.WrappedText object at 0x1143b5910>
550.0000,8.000,2,91,2,nonjoke,"If there's one thing that counts in business, its",bookkeepers,resources,"If there's one thing that counts in business, its resources.",<VisionEgg.WrappedText.WrappedText object at 0x1143b5960>
558.0000,2.000,fix
560.0000,8.000,2,30,2,joke,Nothing you put in a banana split is as potentially fattening as the,spoon,syrup,Nothing you put in a banana split is as potentially fattening as the spoon.,<VisionEgg.WrappedText.WrappedText object at 0x1143b59b0>
568.0000,2.000,fix
KAN_RHnonlit_09,2,32,2,joke,"Though most people think it's Rome, the world's most beloved capital is actually",dollars,Vienna,"Though most people think it's Rome, the world's most beloved capital is actually dollars.",2,1.489980936050415,6.003050088882446
KAN_RHnonlit_09,2,125,2,nonjoke,I know one couple who got divorced and had to leave the house to the,attorney,daughter,I know one couple who got divorced and had to leave the house to the daughter.,1,1.0881280899047852,14.005048990249634
KAN_RHnonlit_09,2,34,2,joke,"He asked if I'd join him in a bowl of soup, but I told him we didn't have enough",room,change,"He asked if I'd join him in a bowl of soup, but I told him we didn't have enough room.",4,0.5691449642181396,26.007937908172607
KAN_RHnonlit_09,2,82,2,joke,"When it comes to keeping warm, nothing beats a thermal",brunette,parka,"When it comes to keeping warm, nothing beats a thermal brunette.",4,0.4520270824432373,38.01078796386719
KAN_RHnonlit_09,2,3,2,nonjoke,A thoughtful wife has pork chops ready when her husband comes home from,fishing,working,A thoughtful wife has pork chops ready when her husband comes home from working.,1,0.43561387062072754,46.01280999183655
KAN_RHnonlit_09,2,104,2,joke,Politicians who are as American as apple pie still want their,slice,rewards,Politicians who are as American as apple pie still want their slice.,1,0.4854919910430908,56.00678205490112
KAN_RHnonlit_09,2,152,2,joke,"Many things run in families, especially",noses,strength,"Many things run in families, especially noses.",3,0.7198889255523682,68.00964903831482
KAN_RHnonlit_09,2,42,2,joke,The best way to keep the milk from turning sour is to keep it in the,cow,cold,The best way to keep the milk from turning sour is to keep it in the cow.,3,0.5016069412231445,76.01220202445984
KAN_RHnonlit_09,2,55,2,nonjoke,His wife sued for divorce and asked for custody of the,cash,cat,His wife sued for divorce and asked for custody of the cat.,1,0.38506507873535156,84.01351189613342
KAN_RHnonlit_09,2,77,2,nonjoke,He is at the age when all the numbers in his little black book belong to,doctors,friends,He is at the age when all the numbers in his little black book belong to friends.,3,0.7198128700256348,94.00756001472473
KAN_RHnonlit_09,2,60,2,joke,Another thing a small boy is constantly outgrowing is his,allowance,underwear,Another thing a small boy is constantly outgrowing is his allowance.,2,0.6192820072174072,102.00965690612793
KAN_RHnonlit_09,2,41,2,nonjoke,His doctor recommended he stay flat on his back ever since he was hit by a ,steamroller,motorist,His doctor recommended he stay flat on his back ever since he was hit by a motorist.,1,0.652944803237915,112.00351405143738
KAN_RHnonlit_09,2,49,2,nonjoke,One person who sure makes a long story short is my,editor,aunt,One person who sure makes a long story short is my aunt.,1,1.1216249465942383,120.00552797317505
KAN_RHnonlit_09,2,134,2,joke,My church welcomes all denominations but prefers,twenties,Mormons,My church welcomes all denominations but prefers twenties.,2,1.322451114654541,128.00747394561768
KAN_RHnonlit_09,2,61,2,nonjoke,"For great vacation, put the kids in the back seat, and take a ",cruise,freeway,"For great vacation, put the kids in the back seat, and take a freeway.",1,1.3726351261138916,136.00938391685486
KAN_RHnonlit_09,2,124,2,joke,"I've got Parkinson's disease, and he's got", mine,gout,"I've got Parkinson's disease, and he's got mine.",1,0.46872496604919434,144.0112190246582
KAN_RHnonlit_09,2,4,2,joke,I knew a streetwalker who was so exclusive she had an unlisted telephone,booth,line,I knew a streetwalker who was so exclusive she had an unlisted telephone booth.,3,1.5233759880065918,154.00525903701782
KAN_RHnonlit_09,2,66,2,joke,One good way to invest in the country is to buy a ,senator,business,One good way to invest in the country is to buy a senator.,1,0.45264506340026855,168.00038695335388
KAN_RHnonlit_09,2,22,2,joke,Our son brought home a note from school saying they need a written excuse for his,presence,tardiness,Our son brought home a note from school saying they need a written excuse for his presence.,2,1.2386951446533203,176.0023548603058
KAN_RHnonlit_09,2,87,2,nonjoke,"It's always nicer to give than to receive, especially when its your",opinion,parents,"It's always nicer to give than to receive, especially when its your parents.",1,0.8536980152130127,184.00420999526978
KAN_RHnonlit_09,2,141,2,nonjoke,The only crop that is grown in America and harvested abroad is the American,tourist,tobacco,The only crop that is grown in America and harvested abroad is the American tobacco.,1,1.1718878746032715,192.00607204437256
KAN_RHnonlit_09,2,54,2,joke,The tourist bureau told the visitors there was plenty of hunting in this part of the country but very little,finding,sightseeing,The tourist bureau told the visitors there was plenty of hunting in this part of the country but very little finding.,,,200.00809407234192
KAN_RHnonlit_09,2,107,2,nonjoke,The difference between a good speaker and a bad one is often a nice,nap,diction,The difference between a good speaker and a bad one is often a nice diction.,1,1.9418439865112305,216.01195001602173
KAN_RHnonlit_09,2,70,2,joke,The best gift for the man who has everything is,penicillin,neckties,The best gift for the man who has everything is penicillin.,1,0.8365318775177002,224.01430702209473
KAN_RHnonlit_09,2,53,2,nonjoke,"By the time Mary had her fourteenth child, she'd run out of names to call her ",husband,offspring,"By the time Mary had her fourteenth child, she'd run out of names to call her offspring.",2,0.3515939712524414,234.00786590576172
KAN_RHnonlit_09,2,81,2,nonjoke,Another thing that has developed by leaps and bounds is modern,dance,science,Another thing that has developed by leaps and bounds is modern science.,1,1.0880420207977295,254.01276302337646
KAN_RHnonlit_09,2,58,2,joke,The woman who has her husband eating out of her hand must save a lot of,dishwashing,heartbreak,The woman who has her husband eating out of her hand must save a lot of dishwashing.,3,0.5188601016998291,264.0068168640137
KAN_RHnonlit_09,2,67,2,nonjoke,The most prevalent form of legalized gambling is,elections,betting,The most prevalent form of legalized gambling is betting.,2,0.669590950012207,280.0105969905853
KAN_RHnonlit_09,2,110,2,joke,It's not hard to meet expenses; they're ,everywhere,affordable,It's not hard to meet expenses; they're everywhere.,2,0.7700998783111572,308.0005760192871
KAN_RHnonlit_09,2,142,2,joke,She's happy because she finally has a boyfriend who gets along with her,fianc_,father,She's happy because she finally has a boyfriend who gets along with her fianc_.,,,318.01145005226135
KAN_RHnonlit_09,2,144,2,joke,The difference between a dog and fox is about five,beers,degrees,The difference between a dog and fox is about five beers.,4,0.33478283882141113,326.0133640766144
KAN_RHnonlit_09,2,19,2,nonjoke,"I decided to start saving for a rainy day, so I went to a savings and loan and deposited my",umbrella,pay,"I decided to start saving for a rainy day, so I went to a savings and loan and deposited my pay.",1,1.5233309268951416,338.0162670612335
KAN_RHnonlit_09,2,94,2,joke,"To get something done, a committee should consist of no more than three people, two of whom are",dead,workers,"To get something done, a committee should consist of no more than three people, two of whom are dead.",4,1.222080945968628,348.0102729797363
KAN_RHnonlit_09,2,39,2,nonjoke,The best way to remove coffee stains from a white blouse is with,scissors,detergent,The best way to remove coffee stains from a white blouse is with detergent.,1,0.3348679542541504,356.01217103004456
KAN_RHnonlit_09,2,102,2,joke,We live in a lovely suburb; it's just two miles beyond our,income,town,We live in a lovely suburb; it's just two miles beyond our income.,2,0.8872289657592773,366.0062220096588
KAN_RHnonlit_09,2,132,2,joke,The last time a guy in a mask took all my money I was in,surgery,shock,The last time a guy in a mask took all my money I was in surgery.,3,0.7699410915374756,382.01017594337463
KAN_RHnonlit_09,2,143,2,nonjoke,Most of the people running for office are not politicians; they're,commuters,candidates,Most of the people running for office are not politicians; they're candidates.,1,0.4351661205291748,402.01497197151184
KAN_RHnonlit_09,2,47,2,nonjoke,"Charged with statutory rape, he told the judge he didn't know she was a ",statue,teenager,"Charged with statutory rape, he told the judge he didn't know she was a teenager.",1,0.36825013160705566,430.005019903183
KAN_RHnonlit_09,2,25,2,nonjoke,The only thing money can't buy is,poverty,generosity,The only thing money can't buy is generosity.,,,438.00686597824097
KAN_RHnonlit_09,2,108,2,joke,Everyone had so much fun diving from the tree into the swimming pool we decided to put in a little,water,platform,Everyone had so much fun diving from the tree into the swimming pool we decided to put in a little water.,3,1.9080429077148438,446.00913095474243
KAN_RHnonlit_09,2,128,2,joke,"Figures don't lie, except on the",beaches,page,"Figures don't lie, except on the beaches.",4,0.4184238910675049,456.0029079914093
KAN_RHnonlit_09,2,6,2,joke,Sunday is the day we bow our heads and,putt,rest,Sunday is the day we bow our heads and putt.,3,0.3850231170654297,468.0057919025421
KAN_RHnonlit_09,2,117,2,nonjoke,"All roads lead to Rome, and all detours lead to",profanity,somewhere,"All roads lead to Rome, and all detours lead to somewhere.",1,0.8537569046020508,478.01656103134155
KAN_RHnonlit_09,2,33,2,nonjoke,Some people think courtship is the first in a series of steps leading to ,divorce,romance,Some people think courtship is the first in a series of steps leading to romance.,1,0.45190000534057617,492.0115840435028
KAN_RHnonlit_09,2,5,2,nonjoke,She read so much about the bad effects of cigarettes she decided to give up the,reading,habit,She read so much about the bad effects of cigarettes she decided to give up the habit.,1,0.41852402687072754,500.01346588134766
KAN_RHnonlit_09,2,121,2,nonjoke,"Diamonds are produced by great pressure, usually provided by a ",girlfriend,piston,"Diamonds are produced by great pressure, usually provided by a piston.",1,1.5567669868469238,510.00756907463074
KAN_RHnonlit_09,2,7,2,nonjoke,A replacement player hit a home run with my,girl,ball,A replacement player hit a home run with my ball.,1,0.9708800315856934,518.0095188617706
KAN_RHnonlit_09,2,69,2,nonjoke,"When an irresistible force meets an immovable object, you get two very angry",women,entities,"When an irresistible force meets an immovable object, you get two very angry entities.",1,1.1217408180236816,526.0113260746002
KAN_RHnonlit_09,2,88,2,joke,The wind was so strong it blew out three,fuses,streetlights,The wind was so strong it blew out three fuses.,2,0.45194506645202637,536.0054309368134
KAN_RHnonlit_09,2,13,2,nonjoke,A device for finding furniture in the dark is a ,shin,candle,A device for finding furniture in the dark is a candle.,2,1.6907718181610107,548.0083210468292
KAN_RHnonlit_09,2,91,2,nonjoke,"If there's one thing that counts in business, its",bookkeepers,resources,"If there's one thing that counts in business, its resources.",1,0.3682889938354492,556.0102429389954
KAN_RHnonlit_09,2,30,2,joke,Nothing you put in a banana split is as potentially fattening as the,spoon,syrup,Nothing you put in a banana split is as potentially fattening as the spoon.,4,0.5022079944610596,566.0042469501495
