1,119,2,nonjoke,"He told me he's not broke, just badly",bent,off,"He told me he's not broke, just badly off."
2,91,2,nonjoke,"If there's one thing that counts in business, its",bookkeepers,resources,"If there's one thing that counts in business, its resources."
3,29,2,nonjoke,My doctor has never violated his oath: the oath he took years ago to become a,millionaire,practitioner,My doctor has never violated his oath: the oath he took years ago to become a practitioner.
1,8,2,joke,Last Thanksgiving my wife spent all morning in the kitchen stuffing the,kids,bird,Last Thanksgiving my wife spent all morning in the kitchen stuffing the kids.
2,23,2,nonjoke,The curse of heavy drinking is that afterwards you get a huge,bar tab,headache,The curse of heavy drinking is that afterwards you get a huge headache.
3,94,2,joke,"To get something done, a committee should consist of no more than three people, two of whom are",dead,workers,"To get something done, a committee should consist of no more than three people, two of whom are dead."
1,73,2,nonjoke,One thing that makes the world go round is,detours,greed,One thing that makes the world go round is greed.
2,152,2,joke,"Many things run in families, especially",noses,strength,"Many things run in families, especially noses."
3,85,2,nonjoke,"Frequent naps prevent old age, especially when taken while",driving,relaxed,"Frequent naps prevent old age, especially when taken while relaxed."
1,105,2,nonjoke,The book that tells you where you can go on vacation is called a,checkbook,guidebook,The book that tells you where you can go on vacation is called a guidebook.
2,113,2,nonjoke,Some people's only culture is,bacteria,radio,Some people's only culture is radio.
3,137,2,nonjoke,A man who has lost ninety percent of his brain is called a,widower,zombie,A man who has lost ninety percent of his brain is called a zombie.
1,44,2,joke,The only place where you can find people who spend all their time minding their own business is the ,cemetery,bank,The only place where you can find people who spend all their time minding their own business is the cemetery.
2,62,2,joke,"I can walk on water, but I stagger on ",alcohol,concrete,"I can walk on water, but I stagger on alcohol."
3,65,2,nonjoke,A good way to blow your mind is to smoke ,gunpowder,heroin,A good way to blow your mind is to smoke heroin.
1,26,2,joke,"To clothe one soldier, it takes the wool from two sheep and the hides from three",taxpayers,animals,"To clothe one soldier, it takes the wool from two sheep and the hides from three taxpayers."
2,71,2,nonjoke,Save the whales; start a,collection,coalition,Save the whales; start a coalition.
3,20,2,joke,"He told me he just bought a set of balloon tires, and I told him I didn't even know he owned a",balloon,truck,"He told me he just bought a set of balloon tires, and I told him I didn't even know he owned a balloon."
1,11,2,nonjoke,"He owns stock in a company that pays quarterly dividends, so every three months they send him a",quarter,statement,"He owns stock in a company that pays quarterly dividends, so every three months they send him a statement."
2,13,2,nonjoke,A device for finding furniture in the dark is a ,shin,candle,A device for finding furniture in the dark is a candle.
3,156,2,joke,The only ones who want me for my body are,mosquitos,losers,The only ones who want me for my body are mosquitos.
1,155,2,nonjoke,The show had one act that was really offbeat: the,singer,clowns,The show had one act that was really offbeat: the clowns.
2,4,2,joke,I knew a streetwalker who was so exclusive she had an unlisted telephone,booth,line,I knew a streetwalker who was so exclusive she had an unlisted telephone booth.
3,103,2,nonjoke,"I still miss my ex-wife, but I am improving my",aim,ego,"I still miss my ex-wife, but I am improving my ego."
1,89,2,nonjoke,"Some babies are born to rule, while others are",male,weak,"Some babies are born to rule, while others are weak."
2,127,2,nonjoke,The penalty for dishonesty is the disgrace of dying,rich,unloved,The penalty for dishonesty is the disgrace of dying unloved.
3,21,2,nonjoke,"She told him he looked like a million, and she meant every",century,syllable,"She told him he looked like a million, and she meant every syllable."
1,47,2,nonjoke,"Charged with statutory rape, he told the judge he didn't know she was a ",statue,teenager,"Charged with statutory rape, he told the judge he didn't know she was a teenager."
2,111,2,nonjoke,"Some husbands are good providers, but only if you count",children,salary,"Some husbands are good providers, but only if you count salary."
3,55,2,nonjoke,His wife sued for divorce and asked for custody of the,cash,cat,His wife sued for divorce and asked for custody of the cat.
1,38,2,joke,This fall two things are turning yellow: trees and,investors,bushes,This fall two things are turning yellow: trees and investors.
2,112,2,joke,The art museum just acquired an early Rembrandt; it's done in ,Crayola,charcoal,The art museum just acquired an early Rembrandt; it's done in Crayola.
3,114,2,joke,It's extraordinary what fine poker hand you get when you're playing,bridge,stud,It's extraordinary what fine poker hand you get when you're playing bridge.
1,133,2,nonjoke,He likes to make things around the house; this week it's the,maid,shelves,He likes to make things around the house; this week it's the shelves.
2,97,2,nonjoke,"When I found out how much my wife spent on dresses last year, I dumped her and proposed to the",dressmaker,mistress,"When I found out how much my wife spent on dresses last year, I dumped her and proposed to the mistress."
3,17,2,nonjoke,A committee keeps minutes and takes,hours,votes,A committee keeps minutes and takes votes.
1,90,2,joke,A vacation is the shortest distance between two,paychecks,locations,A vacation is the shortest distance between two paychecks.
2,96,2,joke,"When the kid came into the store and asked for empty boxes, the owner gave him the",register,crate,"When the kid came into the store and asked for empty boxes, the owner gave him the register."
3,87,2,nonjoke,"It's always nicer to give than to receive, especially when its your",opinion,parents,"It's always nicer to give than to receive, especially when its your parents."
1,18,2,joke,"When we watch a sexy movie, my wife leans over and breathes on my",glasses,collar,"When we watch a sexy movie, my wife leans over and breathes on my glasses."
2,115,2,nonjoke,"In the game of golf, nothing counts as much as your",opponent,drives,"In the game of golf, nothing counts as much as your drives."
3,140,2,joke,You can keep your kids in hot water with ,dishes,rules,You can keep your kids in hot water with dishes.
1,101,2,nonjoke,"I got a car for my wife, and I thought it was a good",trade,choice,"I got a car for my wife, and I thought it was a good choice."
2,150,2,joke,One way to keep pornography away from teenagers is to put it in a,textbook,cabinet,One way to keep pornography away from teenagers is to put it in a textbook.
3,68,2,joke,She always told girls not to look for a husband but just to date,bachelors,someone,She always told girls not to look for a husband but just to date bachelors.
1,136,2,joke,The only fishing through the ice that some men ever do is for the ,olive,trout,The only fishing through the ice that some men ever do is for the olive.
2,40,2,joke,No patient should leave the hospital until he's strong enough to face the,cashier,outside,No patient should leave the hospital until he's strong enough to face the cashier.
3,48,2,joke,"The new tax forms are more realistic: where your wife signs, it says","""accomplice""","""partner""","The new tax forms are more realistic: where your wife signs, it says ""accomplice""."
1,61,2,nonjoke,"For great vacation, put the kids in the back seat, and take a ",cruise,freeway,"For great vacation, put the kids in the back seat, and take a freeway."
2,106,2,joke,"Every time I wear my spring coat in the rain, it damages the",springs,fabric,"Every time I wear my spring coat in the rain, it damages the springs."
3,3,2,nonjoke,A thoughtful wife has pork chops ready when her husband comes home from,fishing,working,A thoughtful wife has pork chops ready when her husband comes home from working.
1,93,2,nonjoke,"He is probably the best boxer in the country, but he always loses in the ",city,competition,"He is probably the best boxer in the country, but he always loses in the competition."
2,95,2,nonjoke,He was teaching his girlfriend how to swim when the lifeguard made them move to the ,lake,shallows,He was teaching his girlfriend how to swim when the lifeguard made them move to the shallows.
3,148,2,joke,The best bargain I ever got was when I went to a family garage sale and bought a ,grandma,toaster,The best bargain I ever got was when I went to a family garage sale and bought a grandma.
1,36,2,joke,A problem drinker is one who never,buys,quits,A problem drinker is one who never buys.
2,110,2,joke,It's not hard to meet expenses; they're ,everywhere,affordable,It's not hard to meet expenses; they're everywhere.
3,32,2,joke,"Though most people think it's Rome, the world's most beloved capital is actually",dollars,Vienna,"Though most people think it's Rome, the world's most beloved capital is actually dollars."
1,117,2,nonjoke,"All roads lead to Rome, and all detours lead to",profanity,somewhere,"All roads lead to Rome, and all detours lead to somewhere."
2,81,2,nonjoke,Another thing that has developed by leaps and bounds is modern,dance,science,Another thing that has developed by leaps and bounds is modern science.
3,27,2,nonjoke,"Once a week they hold a bingo game, and all the proceeds go to fight",gambling,disease,"Once a week they hold a bingo game, and all the proceeds go to fight disease."
1,60,2,joke,Another thing a small boy is constantly outgrowing is his,allowance,underwear,Another thing a small boy is constantly outgrowing is his allowance.
2,16,2,joke,Many a man's idea of a vacation is to rest quietly in the shade of a ,blonde,palm,Many a man's idea of a vacation is to rest quietly in the shade of a blonde.
3,39,2,nonjoke,The best way to remove coffee stains from a white blouse is with,scissors,detergent,The best way to remove coffee stains from a white blouse is with detergent.
1,53,2,nonjoke,"By the time Mary had her fourteenth child, she'd run out of names to call her ",husband,offspring,"By the time Mary had her fourteenth child, she'd run out of names to call her offspring."
2,14,2,joke,He got a medal for bravery on the beach when he rescued a girl from a ,lifeguard,shipwreck,He got a medal for bravery on the beach when he rescued a girl from a lifeguard.
3,66,2,joke,One good way to invest in the country is to buy a ,senator,business,One good way to invest in the country is to buy a senator.
1,45,2,nonjoke,"She is so modest, she pulls down the shade to change her", mind,jacket,"She is so modest, she pulls down the shade to change her jacket."
2,88,2,joke,The wind was so strong it blew out three,fuses,streetlights,The wind was so strong it blew out three fuses.
3,33,2,nonjoke,Some people think courtship is the first in a series of steps leading to ,divorce,romance,Some people think courtship is the first in a series of steps leading to romance.
1,25,2,nonjoke,The only thing money can't buy is,poverty,generosity,The only thing money can't buy is generosity.
2,122,2,joke,"If you're filthy rich, sending your kids to college is a wonderful", cleaner,luxury,"If you're filthy rich, sending your kids to college is a wonderful cleaner."
3,79,2,nonjoke,She puts something behind her ears to attract men; lately she's been using her,ankles,vanilla,She puts something behind her ears to attract men; lately she's been using her vanilla.
1,132,2,joke,The last time a guy in a mask took all my money I was in,surgery,shock,The last time a guy in a mask took all my money I was in surgery.
2,151,2,nonjoke,One good turn gets most of the,blanket,profit,One good turn gets most of the profit.
3,128,2,joke,"Figures don't lie, except on the",beaches,page,"Figures don't lie, except on the beaches."
1,125,2,nonjoke,I know one couple who got divorced and had to leave the house to the,attorney,daughter,I know one couple who got divorced and had to leave the house to the daughter.
2,143,2,nonjoke,Most of the people running for office are not politicians; they're,commuters,candidates,Most of the people running for office are not politicians; they're candidates.
3,6,2,joke,Sunday is the day we bow our heads and,putt,rest,Sunday is the day we bow our heads and putt.
1,30,2,joke,Nothing you put in a banana split is as potentially fattening as the,spoon,syrup,Nothing you put in a banana split is as potentially fattening as the spoon.
2,80,2,joke,He says he doesn't like to drink because it makes him feel,happy,sad,He says he doesn't like to drink because it makes him feel happy.
3,118,2,joke,Cocktails lounges are usually half lit to match the,patrons,setting,Cocktails lounges are usually half lit to match the patrons.
1,116,2,joke,Autobiography is an unrivaled vehicle for telling the truth about,others,somebody,Autobiography is an unrivaled vehicle for telling the truth about others.
2,146,2,joke,"Love has its benefits, and they are usually called",alimony,memories,"Love has its benefits, and they are usually called alimony."
3,141,2,nonjoke,The only crop that is grown in America and harvested abroad is the American,tourist,tobacco,The only crop that is grown in America and harvested abroad is the American tobacco.
1,86,2,joke,"I asked the florist what I should give to my girlfriend, and he suggested his",address,tulips,"I asked the florist what I should give to my girlfriend, and he suggested his address."
2,70,2,joke,The best gift for the man who has everything is,penicillin,neckties,The best gift for the man who has everything is penicillin.
3,78,2,joke,My brother-in-law enjoys fixing things around the house so much he spent an hour last night just fixing our,drinks,stove,My brother-in-law enjoys fixing things around the house so much he spent an hour last night just fixing our drinks.
1,129,2,nonjoke,The perfect companion to a vegetarian dinner is a ,steak,salad,The perfect companion to a vegetarian dinner is a salad.
2,28,2,joke,Her press agent was operated on for an ingrown,beeper,eyelash,Her press agent was operated on for an ingrown beeper.
3,19,2,nonjoke,"I decided to start saving for a rainy day, so I went to a savings and loan and deposited my",umbrella,pay,"I decided to start saving for a rainy day, so I went to a savings and loan and deposited my pay."
1,43,2,nonjoke,"I asked him if he started out as an editor, and he said that years ago he used to be a ",boy,journalist,"I asked him if he started out as an editor, and he said that years ago he used to be a journalist."
2,138,2,joke,Modern science is amazing: garbage is now being made into,movies,gasoline,Modern science is amazing: garbage is now being made into movies.
3,123,2,nonjoke,Too many girls believe that the chief foundation for true love is a large,stone,fortune,Too many girls believe that the chief foundation for true love is a large fortune.
1,107,2,nonjoke,The difference between a good speaker and a bad one is often a nice,nap,diction,The difference between a good speaker and a bad one is often a nice diction.
2,9,2,nonjoke,"I asked the woman at the party if she remembered me from last year, and she said she never forgets a ",dress,name,"I asked the woman at the party if she remembered me from last year, and she said she never forgets a name."
3,67,2,nonjoke,The most prevalent form of legalized gambling is,elections,betting,The most prevalent form of legalized gambling is betting.
1,84,2,joke,"The convict told his cellmate how he'd blown all the money he stole on wine, women, and ",lawyers,crack,"The convict told his cellmate how he'd blown all the money he stole on wine, women, and lawyers."
2,77,2,nonjoke,He is at the age when all the numbers in his little black book belong to,doctors,friends,He is at the age when all the numbers in his little black book belong to friends.
3,83,2,nonjoke,Nothing ages a woman faster than,identification,hardship,Nothing ages a woman faster than hardship.
1,139,2,nonjoke,They redecorated the bar with new,drunks,wood,They redecorated the bar with new wood.
2,131,2,nonjoke,"Statistics indicate that Americans spend eighty million a year on games of chance, mostly",weddings, blackjack,"Statistics indicate that Americans spend eighty million a year on games of chance, mostly blackjack."
3,52,2,joke,My wife did natural childbirth: no,makeup,anesthetic,My wife did natural childbirth: no makeup.
1,121,2,nonjoke,"Diamonds are produced by great pressure, usually provided by a ",girlfriend,piston,"Diamonds are produced by great pressure, usually provided by a piston."
2,144,2,joke,The difference between a dog and fox is about five,beers,degrees,The difference between a dog and fox is about five beers.
3,75,2,nonjoke,"When reviewing your notes for a test, the most important ones will be",illegible,capitalized,"When reviewing your notes for a test, the most important ones will be capitalized."
1,147,2,nonjoke,"When we got divorced, my wife and I split the house; she got the",inside,kitchen,"When we got divorced, my wife and I split the house; she got the kitchen."
2,50,2,joke,The only time my father ever raised a hand to his children was in ,self- defense,discipline,The only time my father ever raised a hand to his children was in self- defense.
3,54,2,joke,The tourist bureau told the visitors there was plenty of hunting in this part of the country but very little,finding,sightseeing,The tourist bureau told the visitors there was plenty of hunting in this part of the country but very little finding.
1,7,2,nonjoke,A replacement player hit a home run with my,girl,ball,A replacement player hit a home run with my ball.
2,99,2,nonjoke,"He's never given a girl a present, but he did give a few a pretty good",reputation,surprise,"He's never given a girl a present, but he did give a few a pretty good surprise."
3,102,2,joke,We live in a lovely suburb; it's just two miles beyond our,income,town,We live in a lovely suburb; it's just two miles beyond our income.
1,59,2,nonjoke,"Women don't dress to please men; if they did, they'd dress a lot",faster,scantier,"Women don't dress to please men; if they did, they'd dress a lot scantier."
2,46,2,joke,Arguments between couples are healthy; sometimes they even prevent,marriage,breakups,Arguments between couples are healthy; sometimes they even prevent marriage.
3,49,2,nonjoke,One person who sure makes a long story short is my,editor,aunt,One person who sure makes a long story short is my aunt.
1,31,2,nonjoke,"He told her he wasn't himself, and she said she'd noticed the",improvement,problem,"He told her he wasn't himself, and she said she'd noticed the problem."
2,126,2,joke,My husband took the money we were saving to buy a new car and blew it all at the,laundry,tables,My husband took the money we were saving to buy a new car and blew it all at the laundry.
3,154,2,joke,"This new computer works so quickly, it comes complete with",ulcers,games,"This new computer works so quickly, it comes complete with ulcers."
1,35,2,nonjoke,"Now that the Hollywood couple has ironed out the divorce settlement, they can finally go ahead with their",nuptials,careers,"Now that the Hollywood couple has ironed out the divorce settlement, they can finally go ahead with their careers."
2,74,2,joke,He's planning an extended vacation; he hopes to spend three weeks on his,couch,sailboat,He's planning an extended vacation; he hopes to spend three weeks on his couch.
3,34,2,joke,"He asked if I'd join him in a bowl of soup, but I told him we didn't have enough",room,change,"He asked if I'd join him in a bowl of soup, but I told him we didn't have enough room."
1,37,2,nonjoke,"The cops claimed that the prisoner just decided to come clean, but most people think he was forced into the",bathtub,admission,"The cops claimed that the prisoner just decided to come clean, but most people think he was forced into the admission."
2,57,2,nonjoke,"Congress taxes our income, our property, and our",patience,purchases,"Congress taxes our income, our property, and our purchases."
3,109,2,nonjoke,Many a freshman helps the college of his choice by becoming a ,dropout,member,Many a freshman helps the college of his choice by becoming a member.
1,69,2,nonjoke,"When an irresistible force meets an immovable object, you get two very angry",women,entities,"When an irresistible force meets an immovable object, you get two very angry entities."
2,82,2,joke,"When it comes to keeping warm, nothing beats a thermal",brunette,parka,"When it comes to keeping warm, nothing beats a thermal brunette."
3,142,2,joke,She's happy because she finally has a boyfriend who gets along with her,fianc_,father,She's happy because she finally has a boyfriend who gets along with her fianc_.
1,12,2,joke,In some marriages the bride is given away by the ,press,family ,In some marriages the bride is given away by the press.
2,42,2,joke,The best way to keep the milk from turning sour is to keep it in the,cow,cold,The best way to keep the milk from turning sour is to keep it in the cow.
3,76,2,joke,"Parents support clubs for teenagers, especially when they lack other forms of",punishment,diversion,"Parents support clubs for teenagers, especially when they lack other forms of punishment."
1,108,2,joke,Everyone had so much fun diving from the tree into the swimming pool we decided to put in a little,water,platform,Everyone had so much fun diving from the tree into the swimming pool we decided to put in a little water.
2,98,2,joke,"Nature has three ways of thinning the herd: drought, famine, and ",primaries,hunting,"Nature has three ways of thinning the herd: drought, famine, and primaries."
3,104,2,joke,Politicians who are as American as apple pie still want their,slice,rewards,Politicians who are as American as apple pie still want their slice.
1,64,2,joke,The best way to stop an elephant from charging is to cut off its,credit,toes,The best way to stop an elephant from charging is to cut off its credit.
2,149,2,nonjoke,"She asked what state he was born in, and he said in the ",nude,East,"She asked what state he was born in, and he said in the East."
3,153,2,nonjoke,The husband who catches his wife in the act is probably on the,trapeze,snoop,The husband who catches his wife in the act is probably on the snoop.
1,124,2,joke,"I've got Parkinson's disease, and he's got", mine,gout,"I've got Parkinson's disease, and he's got mine."
2,24,2,joke,"Where I'm from, the two most common elements are hydrogen and ",stupidity,nitrogen,"Where I'm from, the two most common elements are hydrogen and stupidity."
3,1,2,nonjoke,"When I asked how long he should cook the noodles, I said at least ten",inches,seconds,"When I asked how long he should cook the noodles, I said at least ten seconds."
1,5,2,nonjoke,She read so much about the bad effects of cigarettes she decided to give up the,reading,habit,She read so much about the bad effects of cigarettes she decided to give up the habit.
2,58,2,joke,The woman who has her husband eating out of her hand must save a lot of,dishwashing,heartbreak,The woman who has her husband eating out of her hand must save a lot of dishwashing.
3,41,2,nonjoke,His doctor recommended he stay flat on his back ever since he was hit by a ,steamroller,motorist,His doctor recommended he stay flat on his back ever since he was hit by a motorist.
1,135,2,nonjoke,"My mechanic couldn't fix my brakes, so he fixed my",horn,clutch,"My mechanic couldn't fix my brakes, so he fixed my clutch."
2,10,2,joke,Nothing in the known universe travels faster than,gossip,radiation,Nothing in the known universe travels faster than gossip.
3,56,2,joke,"When you own an ice cream business, your favorite flavor is",aspirin,everything,"When you own an ice cream business, your favorite flavor is aspirin."
1,120,2,joke,Two things are essential for success: wealth and,money,fame,Two things are essential for success: wealth and money.
2,22,2,joke,Our son brought home a note from school saying they need a written excuse for his,presence,tardiness,Our son brought home a note from school saying they need a written excuse for his presence.
3,100,2,joke,"I hope this train stops at Grand Central because if it doesn't, there will be a ",crash,delay,"I hope this train stops at Grand Central because if it doesn't, there will be a crash."
1,15,2,nonjoke,"When John bought a bulldog, it was no time at all before he had that dog eating out of his",leg,fingers,"When John bought a bulldog, it was no time at all before he had that dog eating out of his fingers."
2,63,2,nonjoke,"It's hard to raise a family nowadays, especially in the ",morning,country,"It's hard to raise a family nowadays, especially in the country."
3,51,2,nonjoke,I went to a place that serves breakfast any time and ordered French toast in the,Renaissance,nighttime,I went to a place that serves breakfast any time and ordered French toast in the nighttime.
1,72,2,joke,The first two hundred story building opened in Chicago; it was a ,library,hotel,The first two hundred story building opened in Chicago; it was a library.
2,134,2,joke,My church welcomes all denominations but prefers,twenties,Mormons,My church welcomes all denominations but prefers twenties.
3,130,2,joke,"This house comes with lots of extras, mostly",termites,upgrades,"This house comes with lots of extras, mostly termites."
1,145,2,nonjoke,The only person who sticks closer to you in adversity than a friend is a,creditor,spouse,The only person who sticks closer to you in adversity than a friend is a spouse.
2,2,2,joke,"She went on a fourteen day diet, but she only lost two",weeks,ounces,"She went on a fourteen day diet, but she only lost two weeks."
3,92,2,joke,"When I asked the bartender for something cold and full of rum, he recommended his",wife,daiquiri,"When I asked the bartender for something cold and full of rum, he recommended his wife."
