subj,run,item,list,category,sentence,joke ending,nonjoke ending,displayed,response,RT,question onset
0.0000,8.000,2,52,2,joke,My wife did natural childbirth: no,makeup,anesthetic,My wife did natural childbirth: no makeup.,<VisionEgg.WrappedText.WrappedText object at 0x10f4cc9b0>
8.0000,8.000,2,5,2,nonjoke,She read so much about the bad effects of cigarettes she decided to give up the,reading,habit,She read so much about the bad effects of cigarettes she decided to give up the habit.,<VisionEgg.WrappedText.WrappedText object at 0x10f4cca50>
16.0000,4.000,fix
20.0000,8.000,2,54,2,joke,The tourist bureau told the visitors there was plenty of hunting in this part of the country but very little,finding,sightseeing,The tourist bureau told the visitors there was plenty of hunting in this part of the country but very little finding.,<VisionEgg.WrappedText.WrappedText object at 0x10f4cca00>
28.0000,4.000,fix
32.0000,8.000,2,118,2,joke,Cocktails lounges are usually half lit to match the,patrons,setting,Cocktails lounges are usually half lit to match the patrons.,<VisionEgg.WrappedText.WrappedText object at 0x10f4ccaa0>
40.0000,8.000,2,39,2,nonjoke,The best way to remove coffee stains from a white blouse is with,scissors,detergent,The best way to remove coffee stains from a white blouse is with detergent.,<VisionEgg.WrappedText.WrappedText object at 0x10f4ccaf0>
48.0000,2.000,fix
50.0000,8.000,2,10,2,joke,Nothing in the known universe travels faster than,gossip,radiation,Nothing in the known universe travels faster than gossip.,<VisionEgg.WrappedText.WrappedText object at 0x10f4ccb90>
58.0000,4.000,fix
62.0000,8.000,2,90,2,joke,A vacation is the shortest distance between two,paychecks,locations,A vacation is the shortest distance between two paychecks.,<VisionEgg.WrappedText.WrappedText object at 0x10f4ccb40>
70.0000,8.000,2,2,2,joke,"She went on a fourteen day diet, but she only lost two",weeks,ounces,"She went on a fourteen day diet, but she only lost two weeks.",<VisionEgg.WrappedText.WrappedText object at 0x10f4ccbe0>
78.0000,8.000,2,35,2,nonjoke,"Now that the Hollywood couple has ironed out the divorce settlement, they can finally go ahead with their",nuptials,careers,"Now that the Hollywood couple has ironed out the divorce settlement, they can finally go ahead with their careers.",<VisionEgg.WrappedText.WrappedText object at 0x10f4ccc30>
86.0000,2.000,fix
88.0000,8.000,2,73,2,nonjoke,One thing that makes the world go round is,detours,greed,One thing that makes the world go round is greed.,<VisionEgg.WrappedText.WrappedText object at 0x10f4ccc80>
96.0000,8.000,2,156,2,joke,The only ones who want me for my body are,mosquitos,losers,The only ones who want me for my body are mosquitos.,<VisionEgg.WrappedText.WrappedText object at 0x10f4ccd20>
104.0000,2.000,fix
106.0000,8.000,2,43,2,nonjoke,"I asked him if he started out as an editor, and he said that years ago he used to be a ",boy,journalist,"I asked him if he started out as an editor, and he said that years ago he used to be a journalist.",<VisionEgg.WrappedText.WrappedText object at 0x10f4cccd0>
114.0000,8.000,2,9,2,nonjoke,"I asked the woman at the party if she remembered me from last year, and she said she never forgets a ",dress,name,"I asked the woman at the party if she remembered me from last year, and she said she never forgets a name.",<VisionEgg.WrappedText.WrappedText object at 0x10f4ccd70>
122.0000,8.000,2,74,2,joke,He's planning an extended vacation; he hopes to spend three weeks on his,couch,sailboat,He's planning an extended vacation; he hopes to spend three weeks on his couch.,<VisionEgg.WrappedText.WrappedText object at 0x10f4ccdc0>
130.0000,8.000,2,99,2,nonjoke,"He's never given a girl a present, but he did give a few a pretty good",reputation,surprise,"He's never given a girl a present, but he did give a few a pretty good surprise.",<VisionEgg.WrappedText.WrappedText object at 0x10f4cce60>
138.0000,8.000,2,134,2,joke,My church welcomes all denominations but prefers,twenties,Mormons,My church welcomes all denominations but prefers twenties.,<VisionEgg.WrappedText.WrappedText object at 0x10f4cce10>
146.0000,2.000,fix
148.0000,8.000,2,62,2,joke,"I can walk on water, but I stagger on ",alcohol,concrete,"I can walk on water, but I stagger on alcohol.",<VisionEgg.WrappedText.WrappedText object at 0x10f4cceb0>
156.0000,6.000,fix
162.0000,8.000,2,78,2,joke,My brother-in-law enjoys fixing things around the house so much he spent an hour last night just fixing our,drinks,stove,My brother-in-law enjoys fixing things around the house so much he spent an hour last night just fixing our drinks.,<VisionEgg.WrappedText.WrappedText object at 0x10f4ccf00>
170.0000,8.000,2,110,2,joke,It's not hard to meet expenses; they're ,everywhere,affordable,It's not hard to meet expenses; they're everywhere.,<VisionEgg.WrappedText.WrappedText object at 0x10f4ccf50>
178.0000,8.000,2,13,2,nonjoke,A device for finding furniture in the dark is a ,shin,candle,A device for finding furniture in the dark is a candle.,<VisionEgg.WrappedText.WrappedText object at 0x10f4ccfa0>
186.0000,8.000,2,127,2,nonjoke,The penalty for dishonesty is the disgrace of dying,rich,unloved,The penalty for dishonesty is the disgrace of dying unloved.,<VisionEgg.WrappedText.WrappedText object at 0x112ac9050>
194.0000,8.000,2,48,2,joke,"The new tax forms are more realistic: where your wife signs, it says","""accomplice""","""partner""","The new tax forms are more realistic: where your wife signs, it says ""accomplice"".",<VisionEgg.WrappedText.WrappedText object at 0x112ac90a0>
202.0000,8.000,fix
210.0000,8.000,2,41,2,nonjoke,His doctor recommended he stay flat on his back ever since he was hit by a ,steamroller,motorist,His doctor recommended he stay flat on his back ever since he was hit by a motorist.,<VisionEgg.WrappedText.WrappedText object at 0x112ac9140>
218.0000,8.000,2,26,2,joke,"To clothe one soldier, it takes the wool from two sheep and the hides from three",taxpayers,animals,"To clothe one soldier, it takes the wool from two sheep and the hides from three taxpayers.",<VisionEgg.WrappedText.WrappedText object at 0x112ac91e0>
226.0000,2.000,fix
228.0000,8.000,2,57,2,nonjoke,"Congress taxes our income, our property, and our",patience,purchases,"Congress taxes our income, our property, and our purchases.",<VisionEgg.WrappedText.WrappedText object at 0x112ac9190>
236.0000,12.000,fix
248.0000,8.000,2,67,2,nonjoke,The most prevalent form of legalized gambling is,elections,betting,The most prevalent form of legalized gambling is betting.,<VisionEgg.WrappedText.WrappedText object at 0x112ac9230>
256.0000,2.000,fix
258.0000,8.000,2,80,2,joke,He says he doesn't like to drink because it makes him feel,happy,sad,He says he doesn't like to drink because it makes him feel happy.,<VisionEgg.WrappedText.WrappedText object at 0x112ac9280>
266.0000,8.000,fix
274.0000,8.000,2,53,2,nonjoke,"By the time Mary had her fourteenth child, she'd run out of names to call her ",husband,offspring,"By the time Mary had her fourteenth child, she'd run out of names to call her offspring.",<VisionEgg.WrappedText.WrappedText object at 0x112ac92d0>
282.0000,20.000,fix
302.0000,8.000,2,24,2,joke,"Where I'm from, the two most common elements are hydrogen and ",stupidity,nitrogen,"Where I'm from, the two most common elements are hydrogen and stupidity.",<VisionEgg.WrappedText.WrappedText object at 0x112ac9320>
310.0000,2.000,fix
312.0000,8.000,2,142,2,joke,She's happy because she finally has a boyfriend who gets along with her,fianc_,father,She's happy because she finally has a boyfriend who gets along with her fianc_.,<VisionEgg.WrappedText.WrappedText object at 0x112ac9370>
320.0000,8.000,2,14,2,joke,He got a medal for bravery on the beach when he rescued a girl from a ,lifeguard,shipwreck,He got a medal for bravery on the beach when he rescued a girl from a lifeguard.,<VisionEgg.WrappedText.WrappedText object at 0x112ac93c0>
328.0000,4.000,fix
332.0000,8.000,2,37,2,nonjoke,"The cops claimed that the prisoner just decided to come clean, but most people think he was forced into the",bathtub,admission,"The cops claimed that the prisoner just decided to come clean, but most people think he was forced into the admission.",<VisionEgg.WrappedText.WrappedText object at 0x112ac9460>
340.0000,2.000,fix
342.0000,8.000,2,112,2,joke,The art museum just acquired an early Rembrandt; it's done in ,Crayola,charcoal,The art museum just acquired an early Rembrandt; it's done in Crayola.,<VisionEgg.WrappedText.WrappedText object at 0x112ac9410>
350.0000,8.000,2,141,2,nonjoke,The only crop that is grown in America and harvested abroad is the American,tourist,tobacco,The only crop that is grown in America and harvested abroad is the American tobacco.,<VisionEgg.WrappedText.WrappedText object at 0x112ac94b0>
358.0000,2.000,fix
360.0000,8.000,2,68,2,joke,She always told girls not to look for a husband but just to date,bachelors,someone,She always told girls not to look for a husband but just to date bachelors.,<VisionEgg.WrappedText.WrappedText object at 0x112ac9550>
368.0000,8.000,fix
376.0000,8.000,2,4,2,joke,I knew a streetwalker who was so exclusive she had an unlisted telephone,booth,line,I knew a streetwalker who was so exclusive she had an unlisted telephone booth.,<VisionEgg.WrappedText.WrappedText object at 0x112ac9500>
384.0000,12.000,fix
396.0000,8.000,2,15,2,nonjoke,"When John bought a bulldog, it was no time at all before he had that dog eating out of his",leg,fingers,"When John bought a bulldog, it was no time at all before he had that dog eating out of his fingers.",<VisionEgg.WrappedText.WrappedText object at 0x112ac95a0>
404.0000,20.000,fix
424.0000,8.000,2,145,2,nonjoke,The only person who sticks closer to you in adversity than a friend is a,creditor,spouse,The only person who sticks closer to you in adversity than a friend is a spouse.,<VisionEgg.WrappedText.WrappedText object at 0x112ac95f0>
432.0000,8.000,2,137,2,nonjoke,A man who has lost ninety percent of his brain is called a,widower,zombie,A man who has lost ninety percent of his brain is called a zombie.,<VisionEgg.WrappedText.WrappedText object at 0x112ac9690>
440.0000,8.000,2,20,2,joke,"He told me he just bought a set of balloon tires, and I told him I didn't even know he owned a",balloon,truck,"He told me he just bought a set of balloon tires, and I told him I didn't even know he owned a balloon.",<VisionEgg.WrappedText.WrappedText object at 0x112ac9640>
448.0000,2.000,fix
450.0000,8.000,2,102,2,joke,We live in a lovely suburb; it's just two miles beyond our,income,town,We live in a lovely suburb; it's just two miles beyond our income.,<VisionEgg.WrappedText.WrappedText object at 0x112ac9730>
458.0000,4.000,fix
462.0000,8.000,2,30,2,joke,Nothing you put in a banana split is as potentially fattening as the,spoon,syrup,Nothing you put in a banana split is as potentially fattening as the spoon.,<VisionEgg.WrappedText.WrappedText object at 0x112ac96e0>
470.0000,2.000,fix
472.0000,8.000,2,87,2,nonjoke,"It's always nicer to give than to receive, especially when its your",opinion,parents,"It's always nicer to give than to receive, especially when its your parents.",<VisionEgg.WrappedText.WrappedText object at 0x112ac97d0>
480.0000,6.000,fix
486.0000,8.000,2,71,2,nonjoke,Save the whales; start a,collection,coalition,Save the whales; start a coalition.,<VisionEgg.WrappedText.WrappedText object at 0x112ac9780>
494.0000,8.000,2,23,2,nonjoke,The curse of heavy drinking is that afterwards you get a huge,bar tab,headache,The curse of heavy drinking is that afterwards you get a huge headache.,<VisionEgg.WrappedText.WrappedText object at 0x112ac9820>
502.0000,2.000,fix
504.0000,8.000,2,103,2,nonjoke,"I still miss my ex-wife, but I am improving my",aim,ego,"I still miss my ex-wife, but I am improving my ego.",<VisionEgg.WrappedText.WrappedText object at 0x112ac9870>
512.0000,8.000,2,17,2,nonjoke,A committee keeps minutes and takes,hours,votes,A committee keeps minutes and takes votes.,<VisionEgg.WrappedText.WrappedText object at 0x112ac98c0>
520.0000,8.000,2,139,2,nonjoke,They redecorated the bar with new,drunks,wood,They redecorated the bar with new wood.,<VisionEgg.WrappedText.WrappedText object at 0x112ac9960>
528.0000,2.000,fix
530.0000,8.000,2,154,2,joke,"This new computer works so quickly, it comes complete with",ulcers,games,"This new computer works so quickly, it comes complete with ulcers.",<VisionEgg.WrappedText.WrappedText object at 0x112ac99b0>
538.0000,4.000,fix
542.0000,8.000,2,7,2,nonjoke,A replacement player hit a home run with my,girl,ball,A replacement player hit a home run with my ball.,<VisionEgg.WrappedText.WrappedText object at 0x112ac9910>
550.0000,8.000,2,33,2,nonjoke,Some people think courtship is the first in a series of steps leading to ,divorce,romance,Some people think courtship is the first in a series of steps leading to romance.,<VisionEgg.WrappedText.WrappedText object at 0x112ac9a00>
558.0000,2.000,fix
560.0000,8.000,2,84,2,joke,"The convict told his cellmate how he'd blown all the money he stole on wine, women, and ",lawyers,crack,"The convict told his cellmate how he'd blown all the money he stole on wine, women, and lawyers.",<VisionEgg.WrappedText.WrappedText object at 0x112ac9aa0>
568.0000,2.000,fix
KAN_RHnonlit_07,2,52,2,joke,My wife did natural childbirth: no,makeup,anesthetic,My wife did natural childbirth: no makeup.,2,1.2220690250396729,6.0017030239105225
KAN_RHnonlit_07,2,5,2,nonjoke,She read so much about the bad effects of cigarettes she decided to give up the,reading,habit,She read so much about the bad effects of cigarettes she decided to give up the habit.,1,0.5189859867095947,14.003616094589233
KAN_RHnonlit_07,2,54,2,joke,The tourist bureau told the visitors there was plenty of hunting in this part of the country but very little,finding,sightseeing,The tourist bureau told the visitors there was plenty of hunting in this part of the country but very little finding.,2,1.0546491146087646,26.00656008720398
KAN_RHnonlit_07,2,118,2,joke,Cocktails lounges are usually half lit to match the,patrons,setting,Cocktails lounges are usually half lit to match the patrons.,2,0.31812405586242676,38.009397983551025
KAN_RHnonlit_07,2,39,2,nonjoke,The best way to remove coffee stains from a white blouse is with,scissors,detergent,The best way to remove coffee stains from a white blouse is with detergent.,1,0.5858099460601807,46.011380195617676
KAN_RHnonlit_07,2,10,2,joke,Nothing in the known universe travels faster than,gossip,radiation,Nothing in the known universe travels faster than gossip.,2,0.5859129428863525,56.005420207977295
KAN_RHnonlit_07,2,90,2,joke,A vacation is the shortest distance between two,paychecks,locations,A vacation is the shortest distance between two paychecks.,2,1.1048450469970703,68.00834202766418
KAN_RHnonlit_07,2,2,2,joke,"She went on a fourteen day diet, but she only lost two",weeks,ounces,"She went on a fourteen day diet, but she only lost two weeks.",2,1.506636142730713,76.0102150440216
KAN_RHnonlit_07,2,35,2,nonjoke,"Now that the Hollywood couple has ironed out the divorce settlement, they can finally go ahead with their",nuptials,careers,"Now that the Hollywood couple has ironed out the divorce settlement, they can finally go ahead with their careers.",1,0.820159912109375,84.01221919059753
KAN_RHnonlit_07,2,73,2,nonjoke,One thing that makes the world go round is,detours,greed,One thing that makes the world go round is greed.,1,0.4687480926513672,94.00621199607849
KAN_RHnonlit_07,2,156,2,joke,The only ones who want me for my body are,mosquitos,losers,The only ones who want me for my body are mosquitos.,2,0.4351930618286133,102.00819206237793
KAN_RHnonlit_07,2,43,2,nonjoke,"I asked him if he started out as an editor, and he said that years ago he used to be a ",boy,journalist,"I asked him if he started out as an editor, and he said that years ago he used to be a journalist.",1,0.9373819828033447,112.00220108032227
KAN_RHnonlit_07,2,9,2,nonjoke,"I asked the woman at the party if she remembered me from last year, and she said she never forgets a ",dress,name,"I asked the woman at the party if she remembered me from last year, and she said she never forgets a name.",1,0.8537960052490234,120.004065990448
KAN_RHnonlit_07,2,74,2,joke,He's planning an extended vacation; he hopes to spend three weeks on his,couch,sailboat,He's planning an extended vacation; he hopes to spend three weeks on his couch.,1,1.5736160278320312,128.00601315498352
KAN_RHnonlit_07,2,99,2,nonjoke,"He's never given a girl a present, but he did give a few a pretty good",reputation,surprise,"He's never given a girl a present, but he did give a few a pretty good surprise.",2,0.5690820217132568,136.00800919532776
KAN_RHnonlit_07,2,134,2,joke,My church welcomes all denominations but prefers,twenties,Mormons,My church welcomes all denominations but prefers twenties.,2,0.7867870330810547,144.00989413261414
KAN_RHnonlit_07,2,62,2,joke,"I can walk on water, but I stagger on ",alcohol,concrete,"I can walk on water, but I stagger on alcohol.",2,0.8203189373016357,154.00395011901855
KAN_RHnonlit_07,2,78,2,joke,My brother-in-law enjoys fixing things around the house so much he spent an hour last night just fixing our,drinks,stove,My brother-in-law enjoys fixing things around the house so much he spent an hour last night just fixing our drinks.,2,0.5021970272064209,168.01568603515625
KAN_RHnonlit_07,2,110,2,joke,It's not hard to meet expenses; they're ,everywhere,affordable,It's not hard to meet expenses; they're everywhere.,1,1.5065748691558838,176.00087714195251
KAN_RHnonlit_07,2,13,2,nonjoke,A device for finding furniture in the dark is a ,shin,candle,A device for finding furniture in the dark is a candle.,1,1.6739919185638428,184.00285816192627
KAN_RHnonlit_07,2,127,2,nonjoke,The penalty for dishonesty is the disgrace of dying,rich,unloved,The penalty for dishonesty is the disgrace of dying unloved.,1,0.7365798950195312,192.00472211837769
KAN_RHnonlit_07,2,48,2,joke,"The new tax forms are more realistic: where your wife signs, it says","""accomplice""","""partner""","The new tax forms are more realistic: where your wife signs, it says ""accomplice"".",1,1.3894550800323486,200.00666904449463
KAN_RHnonlit_07,2,41,2,nonjoke,His doctor recommended he stay flat on his back ever since he was hit by a ,steamroller,motorist,His doctor recommended he stay flat on his back ever since he was hit by a motorist.,1,1.171816110610962,216.0105299949646
KAN_RHnonlit_07,2,26,2,joke,"To clothe one soldier, it takes the wool from two sheep and the hides from three",taxpayers,animals,"To clothe one soldier, it takes the wool from two sheep and the hides from three taxpayers.",1,1.2220611572265625,224.0124490261078
KAN_RHnonlit_07,2,57,2,nonjoke,"Congress taxes our income, our property, and our",patience,purchases,"Congress taxes our income, our property, and our purchases.",1,1.3225350379943848,234.0065200328827
KAN_RHnonlit_07,2,67,2,nonjoke,The most prevalent form of legalized gambling is,elections,betting,The most prevalent form of legalized gambling is betting.,2,1.6908259391784668,254.0113501548767
KAN_RHnonlit_07,2,80,2,joke,He says he doesn't like to drink because it makes him feel,happy,sad,He says he doesn't like to drink because it makes him feel happy.,1,1.439697027206421,264.00539803504944
KAN_RHnonlit_07,2,53,2,nonjoke,"By the time Mary had her fourteenth child, she'd run out of names to call her ",husband,offspring,"By the time Mary had her fourteenth child, she'd run out of names to call her offspring.",,,280.0092442035675
KAN_RHnonlit_07,2,24,2,joke,"Where I'm from, the two most common elements are hydrogen and ",stupidity,nitrogen,"Where I'm from, the two most common elements are hydrogen and stupidity.",1,1.8246769905090332,308.01605105400085
KAN_RHnonlit_07,2,142,2,joke,She's happy because she finally has a boyfriend who gets along with her,fianc_,father,She's happy because she finally has a boyfriend who gets along with her fianc_.,,,318.00999999046326
KAN_RHnonlit_07,2,14,2,joke,He got a medal for bravery on the beach when he rescued a girl from a ,lifeguard,shipwreck,He got a medal for bravery on the beach when he rescued a girl from a lifeguard.,2,0.8035180568695068,326.01203298568726
KAN_RHnonlit_07,2,37,2,nonjoke,"The cops claimed that the prisoner just decided to come clean, but most people think he was forced into the",bathtub,admission,"The cops claimed that the prisoner just decided to come clean, but most people think he was forced into the admission.",1,0.5690889358520508,338.0148961544037
KAN_RHnonlit_07,2,112,2,joke,The art museum just acquired an early Rembrandt; it's done in ,Crayola,charcoal,The art museum just acquired an early Rembrandt; it's done in Crayola.,2,1.7410368919372559,348.0089461803436
KAN_RHnonlit_07,2,141,2,nonjoke,The only crop that is grown in America and harvested abroad is the American,tourist,tobacco,The only crop that is grown in America and harvested abroad is the American tobacco.,,,356.0108251571655
KAN_RHnonlit_07,2,68,2,joke,She always told girls not to look for a husband but just to date,bachelors,someone,She always told girls not to look for a husband but just to date bachelors.,,,366.00491404533386
KAN_RHnonlit_07,2,4,2,joke,I knew a streetwalker who was so exclusive she had an unlisted telephone,booth,line,I knew a streetwalker who was so exclusive she had an unlisted telephone booth.,,,382.00876021385193
KAN_RHnonlit_07,2,15,2,nonjoke,"When John bought a bulldog, it was no time at all before he had that dog eating out of his",leg,fingers,"When John bought a bulldog, it was no time at all before he had that dog eating out of his fingers.",,,402.01364398002625
KAN_RHnonlit_07,2,145,2,nonjoke,The only person who sticks closer to you in adversity than a friend is a,creditor,spouse,The only person who sticks closer to you in adversity than a friend is a spouse.,1,1.4229261875152588,430.003545999527
KAN_RHnonlit_07,2,137,2,nonjoke,A man who has lost ninety percent of his brain is called a,widower,zombie,A man who has lost ninety percent of his brain is called a zombie.,1,0.5356159210205078,438.00560307502747
KAN_RHnonlit_07,2,20,2,joke,"He told me he just bought a set of balloon tires, and I told him I didn't even know he owned a",balloon,truck,"He told me he just bought a set of balloon tires, and I told him I didn't even know he owned a balloon.",1,0.502161979675293,446.007493019104
KAN_RHnonlit_07,2,102,2,joke,We live in a lovely suburb; it's just two miles beyond our,income,town,We live in a lovely suburb; it's just two miles beyond our income.,1,0.5692400932312012,456.0014820098877
KAN_RHnonlit_07,2,30,2,joke,Nothing you put in a banana split is as potentially fattening as the,spoon,syrup,Nothing you put in a banana split is as potentially fattening as the spoon.,1,1.3057658672332764,468.004408121109
KAN_RHnonlit_07,2,87,2,nonjoke,"It's always nicer to give than to receive, especially when its your",opinion,parents,"It's always nicer to give than to receive, especially when its your parents.",,,478.0152051448822
KAN_RHnonlit_07,2,71,2,nonjoke,Save the whales; start a,collection,coalition,Save the whales; start a coalition.,,,492.01017904281616
KAN_RHnonlit_07,2,23,2,nonjoke,The curse of heavy drinking is that afterwards you get a huge,bar tab,headache,The curse of heavy drinking is that afterwards you get a huge headache.,1,0.385084867477417,500.01214814186096
KAN_RHnonlit_07,2,103,2,nonjoke,"I still miss my ex-wife, but I am improving my",aim,ego,"I still miss my ex-wife, but I am improving my ego.",,,510.00620913505554
KAN_RHnonlit_07,2,17,2,nonjoke,A committee keeps minutes and takes,hours,votes,A committee keeps minutes and takes votes.,,,518.0081541538239
KAN_RHnonlit_07,2,139,2,nonjoke,They redecorated the bar with new,drunks,wood,They redecorated the bar with new wood.,,,526.0100481510162
KAN_RHnonlit_07,2,154,2,joke,"This new computer works so quickly, it comes complete with",ulcers,games,"This new computer works so quickly, it comes complete with ulcers.",1,0.7365000247955322,536.0041100978851
KAN_RHnonlit_07,2,7,2,nonjoke,A replacement player hit a home run with my,girl,ball,A replacement player hit a home run with my ball.,1,0.468674898147583,548.0069591999054
KAN_RHnonlit_07,2,33,2,nonjoke,Some people think courtship is the first in a series of steps leading to ,divorce,romance,Some people think courtship is the first in a series of steps leading to romance.,1,0.78672194480896,556.0089590549469
KAN_RHnonlit_07,2,84,2,joke,"The convict told his cellmate how he'd blown all the money he stole on wine, women, and ",lawyers,crack,"The convict told his cellmate how he'd blown all the money he stole on wine, women, and lawyers.",,,566.0029780864716
